﻿Label (Grouping),    Total housing units,    No bedroom,    1 bedroom,    2 bedrooms,    3 bedrooms,    4 bedrooms,    5 or more bedrooms,Year
"Anchorage municipality, Alaska!!Estimate","113,111","2,539","12,199","31,509","41,695","20,137","5,032","2,010"
"Anchorage municipality, Alaska!!Estimate Margin of Error","±1,046",±786,"±1,790","±2,498","±2,613","±2,016","±1,312","2,010"
"Anchorage municipality, Alaska!!Percent","113,111",2.20%,10.80%,27.90%,36.90%,17.80%,4.40%,"2,010"
"Anchorage municipality, Alaska!!Percent Margin of Error",(X),±0.7,±1.6,±2.2,±2.3,±1.8,±1.2,"2,010"
"Mesa city, Arizona!!Estimate","197,039","2,823","33,269","66,411","57,521","28,025","8,990","2,010"
"Mesa city, Arizona!!Estimate Margin of Error","±5,268",±920,"±2,687","±4,022","±3,571","±2,584","±1,395","2,010"
"Mesa city, Arizona!!Percent","197,039",1.40%,16.90%,33.70%,29.20%,14.20%,4.60%,"2,010"
"Mesa city, Arizona!!Percent Margin of Error",(X),±0.5,±1.2,±1.8,±1.5,±1.3,±0.7,"2,010"
"Phoenix city, Arizona!!Estimate","601,370","19,796","83,556","163,630","210,378","103,186","20,824","2,010"
"Phoenix city, Arizona!!Estimate Margin of Error","±7,751","±2,578","±4,408","±6,587","±6,053","±5,321","±2,523","2,010"
"Phoenix city, Arizona!!Percent","601,370",3.30%,13.90%,27.20%,35.00%,17.20%,3.50%,"2,010"
"Phoenix city, Arizona!!Percent Margin of Error",(X),±0.4,±0.7,±1.0,±0.9,±0.9,±0.4,"2,010"
"Tucson city, Arizona!!Estimate","230,047","8,156","42,508","64,183","83,182","28,322","3,696","2,010"
"Tucson city, Arizona!!Estimate Margin of Error","±4,064","±1,751","±3,110","±3,456","±3,718","±2,046",±928,"2,010"
"Tucson city, Arizona!!Percent","230,047",3.50%,18.50%,27.90%,36.20%,12.30%,1.60%,"2,010"
"Tucson city, Arizona!!Percent Margin of Error",(X),±0.8,±1.3,±1.5,±1.4,±0.9,±0.4,"2,010"
"Anaheim city, California!!Estimate","107,363","2,572","22,222","31,547","29,486","18,402","3,134","2,010"
"Anaheim city, California!!Estimate Margin of Error","±3,666",±886,"±2,315","±2,679","±2,582","±1,726",±891,"2,010"
"Anaheim city, California!!Percent","107,363",2.40%,20.70%,29.40%,27.50%,17.10%,2.90%,"2,010"
"Anaheim city, California!!Percent Margin of Error",(X),±0.8,±1.9,±2.3,±2.2,±1.7,±0.8,"2,010"
"Bakersfield city, California!!Estimate","118,727","2,675","8,095","27,445","49,904","26,628","3,980","2,010"
"Bakersfield city, California!!Estimate Margin of Error","±3,473",±906,"±1,280","±2,679","±3,063","±2,359",±748,"2,010"
"Bakersfield city, California!!Percent","118,727",2.30%,6.80%,23.10%,42.00%,22.40%,3.40%,"2,010"
"Bakersfield city, California!!Percent Margin of Error",(X),±0.8,±1.0,±2.0,±2.3,±2.0,±0.6,"2,010"
"Fresno city, California!!Estimate","169,426","10,566","16,837","46,336","67,811","22,120","5,756","2,010"
"Fresno city, California!!Estimate Margin of Error","±3,450","±1,764","±2,309","±2,943","±3,401","±2,139","±1,229","2,010"
"Fresno city, California!!Percent","169,426",6.20%,9.90%,27.30%,40.00%,13.10%,3.40%,"2,010"
"Fresno city, California!!Percent Margin of Error",(X),±1.0,±1.3,±1.5,±2.0,±1.3,±0.7,"2,010"
"Irvine city, California!!Estimate","81,468","2,096","13,727","25,880","21,397","14,024","4,344","2,010"
"Irvine city, California!!Estimate Margin of Error","±2,980",±921,"±2,124","±2,596","±1,972","±1,576","±1,066","2,010"
"Irvine city, California!!Percent","81,468",2.60%,16.80%,31.80%,26.30%,17.20%,5.30%,"2,010"
"Irvine city, California!!Percent Margin of Error",(X),±1.1,±2.4,±2.8,±2.5,±1.9,±1.3,"2,010"
"Long Beach city, California!!Estimate","174,236","13,955","44,609","59,961","39,418","13,378","2,915","2,010"
"Long Beach city, California!!Estimate Margin of Error","±4,764","±2,469","±3,181","±4,035","±2,658","±1,560",±850,"2,010"
"Long Beach city, California!!Percent","174,236",8.00%,25.60%,34.40%,22.60%,7.70%,1.70%,"2,010"
"Long Beach city, California!!Percent Margin of Error",(X),±1.3,±1.6,±2.0,±1.6,±1.0,±0.5,"2,010"
"Los Angeles city, California!!Estimate","1,421,938","147,285","351,214","448,541","313,562","117,836","43,500","2,010"
"Los Angeles city, California!!Estimate Margin of Error","±10,327","±6,250","±9,341","±9,706","±7,651","±4,628","±3,580","2,010"
"Los Angeles city, California!!Percent","1,421,938",10.40%,24.70%,31.50%,22.10%,8.30%,3.10%,"2,010"
"Los Angeles city, California!!Percent Margin of Error",(X),±0.4,±0.6,±0.6,±0.5,±0.3,±0.3,"2,010"
"Oakland city, California!!Estimate","172,774","11,485","43,590","57,862","41,899","13,424","4,514","2,010"
"Oakland city, California!!Estimate Margin of Error","±3,879","±2,175","±3,260","±3,363","±2,841","±1,918",±929,"2,010"
"Oakland city, California!!Percent","172,774",6.60%,25.20%,33.50%,24.30%,7.80%,2.60%,"2,010"
"Oakland city, California!!Percent Margin of Error",(X),±1.2,±1.7,±1.9,±1.6,±1.1,±0.5,"2,010"
"Riverside city, California!!Estimate","97,695","1,858","12,900","24,235","33,747","18,509","6,446","2,010"
"Riverside city, California!!Estimate Margin of Error","±4,133",±762,"±2,088","±2,462","±2,834","±1,931","±1,333","2,010"
"Riverside city, California!!Percent","97,695",1.90%,13.20%,24.80%,34.50%,18.90%,6.60%,"2,010"
"Riverside city, California!!Percent Margin of Error",(X),±0.8,±1.9,±2.3,±2.6,±1.9,±1.4,"2,010"
"Sacramento city, California!!Estimate","192,372","4,073","31,034","56,191","68,123","28,627","4,324","2,010"
"Sacramento city, California!!Estimate Margin of Error","±4,968","±1,282","±2,596","±3,957","±3,611","±2,545","±1,082","2,010"
"Sacramento city, California!!Percent","192,372",2.10%,16.10%,29.20%,35.40%,14.90%,2.20%,"2,010"
"Sacramento city, California!!Percent Margin of Error",(X),±0.7,±1.2,±1.8,±1.7,±1.4,±0.6,"2,010"
"San Diego city, California!!Estimate","514,366","27,864","94,009","165,567","139,866","70,109","16,951","2,010"
"San Diego city, California!!Estimate Margin of Error","±6,961","±2,656","±5,376","±6,258","±4,863","±3,703","±1,800","2,010"
"San Diego city, California!!Percent","514,366",5.40%,18.30%,32.20%,27.20%,13.60%,3.30%,"2,010"
"San Diego city, California!!Percent Margin of Error",(X),±0.5,±1.0,±1.1,±0.9,±0.7,±0.3,"2,010"
"San Francisco city, California!!Estimate","376,777","48,640","100,979","119,258","72,593","26,247","9,060","2,010"
"San Francisco city, California!!Estimate Margin of Error","±1,401","±3,575","±4,599","±4,998","±3,960","±2,481","±1,459","2,010"
"San Francisco city, California!!Percent","376,777",12.90%,26.80%,31.70%,19.30%,7.00%,2.40%,"2,010"
"San Francisco city, California!!Percent Margin of Error",(X),±0.9,±1.2,±1.3,±1.0,±0.7,±0.4,"2,010"
"San Jose city, California!!Estimate","312,541","9,892","42,416","77,577","100,229","65,157","17,270","2,010"
"San Jose city, California!!Estimate Margin of Error","±4,703","±1,946","±3,215","±3,910","±4,343","±3,326","±1,900","2,010"
"San Jose city, California!!Percent","312,541",3.20%,13.60%,24.80%,32.10%,20.80%,5.50%,"2,010"
"San Jose city, California!!Percent Margin of Error",(X),±0.6,±1.0,±1.2,±1.2,±1.1,±0.6,"2,010"
"Santa Ana city, California!!Estimate","74,972","3,307","12,768","24,421","21,850","10,175","2,451","2,010"
"Santa Ana city, California!!Estimate Margin of Error","±2,694","±1,081","±1,437","±2,240","±2,065","±1,480",±743,"2,010"
"Santa Ana city, California!!Percent","74,972",4.40%,17.00%,32.60%,29.10%,13.60%,3.30%,"2,010"
"Santa Ana city, California!!Percent Margin of Error",(X),±1.4,±1.8,±2.9,±2.6,±1.9,±1.0,"2,010"
"Stockton city, California!!Estimate","100,835","2,484","12,014","23,919","38,351","19,313","4,754","2,010"
"Stockton city, California!!Estimate Margin of Error","±2,732",±893,"±1,514","±2,212","±2,586","±1,914","±1,119","2,010"
"Stockton city, California!!Percent","100,835",2.50%,11.90%,23.70%,38.00%,19.20%,4.70%,"2,010"
"Stockton city, California!!Percent Margin of Error",(X),±0.9,±1.5,±2.0,±2.2,±1.9,±1.1,"2,010"
"Aurora city, Colorado!!Estimate","128,354",978,"21,247","36,811","38,978","23,892","6,448","2,010"
"Aurora city, Colorado!!Estimate Margin of Error","±2,849",±498,"±2,172","±3,013","±2,583","±2,261","±1,123","2,010"
"Aurora city, Colorado!!Percent","128,354",0.80%,16.60%,28.70%,30.40%,18.60%,5.00%,"2,010"
"Aurora city, Colorado!!Percent Margin of Error",(X),±0.4,±1.7,±2.2,±1.8,±1.8,±0.9,"2,010"
"Colorado Springs city, Colorado!!Estimate","180,535","2,210","25,041","45,718","52,489","37,559","17,518","2,010"
"Colorado Springs city, Colorado!!Estimate Margin of Error","±2,463",±766,"±2,436","±3,149","±2,797","±3,041","±1,794","2,010"
"Colorado Springs city, Colorado!!Percent","180,535",1.20%,13.90%,25.30%,29.10%,20.80%,9.70%,"2,010"
"Colorado Springs city, Colorado!!Percent Margin of Error",(X),±0.4,±1.3,±1.6,±1.6,±1.7,±1.0,"2,010"
"Denver city, Colorado!!Estimate","285,859","10,939","65,461","95,753","69,202","32,931","11,573","2,010"
"Denver city, Colorado!!Estimate Margin of Error","±1,895","±2,132","±3,806","±4,454","±3,832","±2,876","±1,529","2,010"
"Denver city, Colorado!!Percent","285,859",3.80%,22.90%,33.50%,24.20%,11.50%,4.00%,"2,010"
"Denver city, Colorado!!Percent Margin of Error",(X),±0.7,±1.3,±1.6,±1.3,±1.0,±0.5,"2,010"
"Washington city, District of Columbia!!Estimate","296,836","24,674","96,323","81,813","60,300","23,306","10,420","2,010"
"Washington city, District of Columbia!!Estimate Margin of Error",±63,"±2,568","±4,216","±4,286","±3,926","±2,193","±1,569","2,010"
"Washington city, District of Columbia!!Percent","296,836",8.30%,32.40%,27.60%,20.30%,7.90%,3.50%,"2,010"
"Washington city, District of Columbia!!Percent Margin of Error",(X),±0.9,±1.4,±1.4,±1.3,±0.7,±0.5,"2,010"
"Jacksonville city, Florida!!Estimate","368,037","5,191","40,517","88,806","172,429","52,916","8,178","2,010"
"Jacksonville city, Florida!!Estimate Margin of Error","±4,746","±1,243","±3,663","±4,493","±5,854","±3,723","±1,521","2,010"
"Jacksonville city, Florida!!Percent","368,037",1.40%,11.00%,24.10%,46.90%,14.40%,2.20%,"2,010"
"Jacksonville city, Florida!!Percent Margin of Error",(X),±0.3,±1.0,±1.2,±1.5,±1.0,±0.4,"2,010"
"Miami city, Florida!!Estimate","188,150","12,234","61,888","68,211","34,444","9,851","1,522","2,010"
"Miami city, Florida!!Estimate Margin of Error","±6,255","±1,967","±3,856","±4,781","±2,770","±1,464",±538,"2,010"
"Miami city, Florida!!Percent","188,150",6.50%,32.90%,36.30%,18.30%,5.20%,0.80%,"2,010"
"Miami city, Florida!!Percent Margin of Error",(X),±1.0,±1.7,±2.1,±1.4,±0.8,±0.3,"2,010"
"Orlando city, Florida!!Estimate","119,552","2,446","23,675","43,401","35,974","11,774","2,282","2,010"
"Orlando city, Florida!!Estimate Margin of Error","±4,003","±1,158","±2,529","±3,255","±2,795","±1,760",±914,"2,010"
"Orlando city, Florida!!Percent","119,552",2.00%,19.80%,36.30%,30.10%,9.80%,1.90%,"2,010"
"Orlando city, Florida!!Percent Margin of Error",(X),±1.0,±1.9,±2.3,±2.2,±1.5,±0.8,"2,010"
"Tampa city, Florida!!Estimate","158,988","3,390","27,160","51,073","56,107","17,578","3,680","2,010"
"Tampa city, Florida!!Estimate Margin of Error","±3,986","±1,148","±3,199","±3,163","±3,370","±1,999","±1,036","2,010"
"Tampa city, Florida!!Percent","158,988",2.10%,17.10%,32.10%,35.30%,11.10%,2.30%,"2,010"
"Tampa city, Florida!!Percent Margin of Error",(X),±0.7,±1.8,±1.9,±2.0,±1.3,±0.6,"2,010"
"Atlanta city, Georgia!!Estimate","225,203","8,968","55,188","77,281","56,234","18,942","8,590","2,010"
"Atlanta city, Georgia!!Estimate Margin of Error","±5,823","±1,914","±3,542","±4,744","±3,153","±2,160","±1,334","2,010"
"Atlanta city, Georgia!!Percent","225,203",4.00%,24.50%,34.30%,25.00%,8.40%,3.80%,"2,010"
"Atlanta city, Georgia!!Percent Margin of Error",(X),±0.8,±1.5,±1.7,±1.3,±1.0,±0.6,"2,010"
"Chicago city, Illinois!!Estimate","1,189,053","83,585","234,732","412,424","323,084","90,301","44,927","2,010"
"Chicago city, Illinois!!Estimate Margin of Error","±7,086","±4,775","±7,390","±7,888","±8,589","±4,038","±3,289","2,010"
"Chicago city, Illinois!!Percent","1,189,053",7.00%,19.70%,34.70%,27.20%,7.60%,3.80%,"2,010"
"Chicago city, Illinois!!Percent Margin of Error",(X),±0.4,±0.6,±0.6,±0.7,±0.3,±0.3,"2,010"
"Indianapolis city (balance), Indiana!!Estimate","380,859","6,283","56,206","120,278","142,537","46,529","9,026","2,010"
"Indianapolis city (balance), Indiana!!Estimate Margin of Error","±2,715","±1,442","±4,027","±5,094","±5,021","±3,067","±1,416","2,010"
"Indianapolis city (balance), Indiana!!Percent","380,859",1.60%,14.80%,31.60%,37.40%,12.20%,2.40%,"2,010"
"Indianapolis city (balance), Indiana!!Percent Margin of Error",(X),±0.4,±1.0,±1.3,±1.3,±0.8,±0.4,"2,010"
"Wichita city, Kansas!!Estimate","169,058","4,798","23,145","48,049","61,009","23,265","8,792","2,010"
"Wichita city, Kansas!!Estimate Margin of Error","±1,897","±1,334","±2,405","±2,819","±3,309","±1,987","±1,248","2,010"
"Wichita city, Kansas!!Percent","169,058",2.80%,13.70%,28.40%,36.10%,13.80%,5.20%,"2,010"
"Wichita city, Kansas!!Percent Margin of Error",(X),±0.8,±1.4,±1.7,±1.8,±1.2,±0.7,"2,010"
"New Orleans city, Louisiana!!Estimate","190,154","6,546","34,455","63,214","59,364","21,878","4,697","2,010"
"New Orleans city, Louisiana!!Estimate Margin of Error","±1,837","±1,395","±2,698","±3,770","±3,485","±2,121","±1,019","2,010"
"New Orleans city, Louisiana!!Percent","190,154",3.40%,18.10%,33.20%,31.20%,11.50%,2.50%,"2,010"
"New Orleans city, Louisiana!!Percent Margin of Error",(X),±0.7,±1.4,±1.9,±1.8,±1.1,±0.5,"2,010"
"Baltimore city, Maryland!!Estimate","296,584","8,956","50,148","80,488","119,942","27,712","9,338","2,010"
"Baltimore city, Maryland!!Estimate Margin of Error","±1,348","±1,847","±3,248","±3,998","±4,422","±2,284","±1,516","2,010"
"Baltimore city, Maryland!!Percent","296,584",3.00%,16.90%,27.10%,40.40%,9.30%,3.10%,"2,010"
"Baltimore city, Maryland!!Percent Margin of Error",(X),±0.6,±1.1,±1.3,±1.5,±0.8,±0.5,"2,010"
"Boston city, Massachusetts!!Estimate","277,949","18,433","74,709","97,741","59,655","19,528","7,883","2,010"
"Boston city, Massachusetts!!Estimate Margin of Error","±3,571","±2,634","±3,696","±3,918","±3,871","±2,214","±1,147","2,010"
"Boston city, Massachusetts!!Percent","277,949",6.60%,26.90%,35.20%,21.50%,7.00%,2.80%,"2,010"
"Boston city, Massachusetts!!Percent Margin of Error",(X),±1.0,±1.2,±1.4,±1.4,±0.8,±0.4,"2,010"
"Detroit city, Michigan!!Estimate","360,675","12,603","41,009","93,982","161,243","39,156","12,682","2,010"
"Detroit city, Michigan!!Estimate Margin of Error","±4,953","±1,916","±2,594","±3,935","±5,154","±2,697","±1,867","2,010"
"Detroit city, Michigan!!Percent","360,675",3.50%,11.40%,26.10%,44.70%,10.90%,3.50%,"2,010"
"Detroit city, Michigan!!Percent Margin of Error",(X),±0.5,±0.7,±1.1,±1.3,±0.7,±0.5,"2,010"
"Minneapolis city, Minnesota!!Estimate","184,814","10,983","47,563","55,346","47,550","17,953","5,419","2,010"
"Minneapolis city, Minnesota!!Estimate Margin of Error","±3,848","±2,070","±3,509","±3,539","±2,762","±1,754","±1,066","2,010"
"Minneapolis city, Minnesota!!Percent","184,814",5.90%,25.70%,29.90%,25.70%,9.70%,2.90%,"2,010"
"Minneapolis city, Minnesota!!Percent Margin of Error",(X),±1.1,±1.7,±1.9,±1.5,±0.9,±0.6,"2,010"
"St. Paul city, Minnesota!!Estimate","120,250","3,672","28,689","34,156","36,767","12,661","4,305","2,010"
"St. Paul city, Minnesota!!Estimate Margin of Error","±2,543",±899,"±2,395","±2,470","±2,261","±1,701",±906,"2,010"
"St. Paul city, Minnesota!!Percent","120,250",3.10%,23.90%,28.40%,30.60%,10.50%,3.60%,"2,010"
"St. Paul city, Minnesota!!Percent Margin of Error",(X),±0.7,±1.8,±1.9,±1.9,±1.4,±0.8,"2,010"
"Lincoln city, Nebraska!!Estimate","110,486","1,512","16,325","33,070","39,147","16,078","4,354","2,010"
"Lincoln city, Nebraska!!Estimate Margin of Error","±1,458",±746,"±1,802","±2,352","±2,568","±1,710",±868,"2,010"
"Lincoln city, Nebraska!!Percent","110,486",1.40%,14.80%,29.90%,35.40%,14.60%,3.90%,"2,010"
"Lincoln city, Nebraska!!Percent Margin of Error",(X),±0.7,±1.6,±2.0,±2.3,±1.6,±0.8,"2,010"
"Omaha city, Nebraska!!Estimate","178,149","3,235","29,242","46,559","65,307","26,941","6,865","2,010"
"Omaha city, Nebraska!!Estimate Margin of Error","±1,792",±965,"±2,136","±3,107","±2,472","±2,264","±1,113","2,010"
"Omaha city, Nebraska!!Percent","178,149",1.80%,16.40%,26.10%,36.70%,15.10%,3.90%,"2,010"
"Omaha city, Nebraska!!Percent Margin of Error",(X),±0.5,±1.2,±1.7,±1.3,±1.3,±0.6,"2,010"
"Henderson city, Nevada!!Estimate","114,295",810,"7,853","31,240","47,732","19,868","6,792","2,010"
"Henderson city, Nevada!!Estimate Margin of Error","±3,755",±527,"±1,584","±2,767","±3,590","±2,286","±1,187","2,010"
"Henderson city, Nevada!!Percent","114,295",0.70%,6.90%,27.30%,41.80%,17.40%,5.90%,"2,010"
"Henderson city, Nevada!!Percent Margin of Error",(X),±0.5,±1.3,±2.2,±2.8,±2.0,±1.1,"2,010"
"Las Vegas city, Nevada!!Estimate","253,903","6,645","30,928","69,189","92,337","42,885","11,919","2,010"
"Las Vegas city, Nevada!!Estimate Margin of Error","±5,307","±1,606","±3,044","±4,231","±4,520","±3,226","±1,820","2,010"
"Las Vegas city, Nevada!!Percent","253,903",2.60%,12.20%,27.30%,36.40%,16.90%,4.70%,"2,010"
"Las Vegas city, Nevada!!Percent Margin of Error",(X),±0.6,±1.1,±1.6,±1.7,±1.3,±0.7,"2,010"
"Jersey City city, New Jersey!!Estimate","109,573","5,377","30,084","42,510","23,845","4,937","2,820","2,010"
"Jersey City city, New Jersey!!Estimate Margin of Error","±2,820","±1,191","±2,770","±3,066","±2,220","±1,069",±734,"2,010"
"Jersey City city, New Jersey!!Percent","109,573",4.90%,27.50%,38.80%,21.80%,4.50%,2.60%,"2,010"
"Jersey City city, New Jersey!!Percent Margin of Error",(X),±1.1,±2.4,±2.5,±2.0,±1.0,±0.7,"2,010"
"Newark city, New Jersey!!Estimate","108,907","6,984","25,342","40,045","27,764","4,882","3,890","2,010"
"Newark city, New Jersey!!Estimate Margin of Error","±3,620","±1,262","±2,668","±2,830","±2,049",±996,±830,"2,010"
"Newark city, New Jersey!!Percent","108,907",6.40%,23.30%,36.80%,25.50%,4.50%,3.60%,"2,010"
"Newark city, New Jersey!!Percent Margin of Error",(X),±1.1,±2.1,±2.3,±1.9,±0.9,±0.8,"2,010"
"Albuquerque city, New Mexico!!Estimate","240,232","6,333","30,423","60,289","99,044","39,294","4,849","2,010"
"Albuquerque city, New Mexico!!Estimate Margin of Error","±2,039","±1,259","±2,912","±3,667","±3,717","±2,864",±954,"2,010"
"Albuquerque city, New Mexico!!Percent","240,232",2.60%,12.70%,25.10%,41.20%,16.40%,2.00%,"2,010"
"Albuquerque city, New Mexico!!Percent Margin of Error",(X),±0.5,±1.2,±1.5,±1.5,±1.2,±0.4,"2,010"
"New York city, New York!!Estimate","3,370,647","246,137","1,048,081","1,085,339","726,797","177,920","86,373","2,010"
"New York city, New York!!Estimate Margin of Error","±4,509","±8,773","±14,078","±13,935","±11,484","±6,321","±4,313","2,010"
"New York city, New York!!Percent","3,370,647",7.30%,31.10%,32.20%,21.60%,5.30%,2.60%,"2,010"
"New York city, New York!!Percent Margin of Error",(X),±0.3,±0.4,±0.4,±0.3,±0.2,±0.1,"2,010"
"Greensboro city, North Carolina!!Estimate","125,702","3,827","14,053","42,770","46,739","15,050","3,263","2,010"
"Greensboro city, North Carolina!!Estimate Margin of Error","±2,979","±1,201","±2,003","±2,958","±2,924","±1,803",±799,"2,010"
"Greensboro city, North Carolina!!Percent","125,702",3.00%,11.20%,34.00%,37.20%,12.00%,2.60%,"2,010"
"Greensboro city, North Carolina!!Percent Margin of Error",(X),±0.9,±1.6,±2.3,±2.1,±1.4,±0.6,"2,010"
"Cincinnati city, Ohio!!Estimate","161,201","6,148","41,647","52,893","37,438","16,750","6,325","2,010"
"Cincinnati city, Ohio!!Estimate Margin of Error","±4,812","±1,263","±3,024","±3,893","±3,064","±2,069","±1,225","2,010"
"Cincinnati city, Ohio!!Percent","161,201",3.80%,25.80%,32.80%,23.20%,10.40%,3.90%,"2,010"
"Cincinnati city, Ohio!!Percent Margin of Error",(X),±0.8,±1.8,±2.1,±1.7,±1.3,±0.8,"2,010"
"Cleveland city, Ohio!!Estimate","214,220","6,900","27,370","78,560","71,741","22,391","7,258","2,010"
"Cleveland city, Ohio!!Estimate Margin of Error","±4,327","±1,273","±2,327","±3,353","±4,102","±2,317","±1,363","2,010"
"Cleveland city, Ohio!!Percent","214,220",3.20%,12.80%,36.70%,33.50%,10.50%,3.40%,"2,010"
"Cleveland city, Ohio!!Percent Margin of Error",(X),±0.6,±1.0,±1.5,±1.8,±1.1,±0.6,"2,010"
"Columbus city, Ohio!!Estimate","370,544","7,007","56,928","131,815","131,344","38,037","5,413","2,010"
"Columbus city, Ohio!!Estimate Margin of Error","±4,111","±1,505","±3,836","±5,625","±4,751","±2,701","±1,197","2,010"
"Columbus city, Ohio!!Percent","370,544",1.90%,15.40%,35.60%,35.40%,10.30%,1.50%,"2,010"
"Columbus city, Ohio!!Percent Margin of Error",(X),±0.4,±1.0,±1.4,±1.3,±0.7,±0.3,"2,010"
"Tulsa city, Oklahoma!!Estimate","187,281","4,053","34,543","48,030","75,237","21,900","3,518","2,010"
"Tulsa city, Oklahoma!!Estimate Margin of Error","±2,560","±1,070","±2,865","±3,032","±3,246","±1,792",±793,"2,010"
"Tulsa city, Oklahoma!!Percent","187,281",2.20%,18.40%,25.60%,40.20%,11.70%,1.90%,"2,010"
"Tulsa city, Oklahoma!!Percent Margin of Error",(X),±0.6,±1.5,±1.6,±1.6,±1.0,±0.4,"2,010"
"Portland city, Oregon!!Estimate","263,890","14,155","45,148","80,928","82,429","33,754","7,476","2,010"
"Portland city, Oregon!!Estimate Margin of Error","±2,884","±1,818","±3,193","±3,897","±3,511","±2,550","±1,101","2,010"
"Portland city, Oregon!!Percent","263,890",5.40%,17.10%,30.70%,31.20%,12.80%,2.80%,"2,010"
"Portland city, Oregon!!Percent Margin of Error",(X),±0.7,±1.2,±1.4,±1.3,±1.0,±0.4,"2,010"
"Philadelphia city, Pennsylvania!!Estimate","670,022","27,301","112,247","143,792","304,220","59,577","22,885","2,010"
"Philadelphia city, Pennsylvania!!Estimate Margin of Error","±4,073","±3,278","±5,249","±5,125","±6,710","±3,692","±2,245","2,010"
"Philadelphia city, Pennsylvania!!Percent","670,022",4.10%,16.80%,21.50%,45.40%,8.90%,3.40%,"2,010"
"Philadelphia city, Pennsylvania!!Percent Margin of Error",(X),±0.5,±0.8,±0.8,±0.9,±0.6,±0.3,"2,010"
"Pittsburgh city, Pennsylvania!!Estimate","153,756","5,941","31,833","45,235","50,625","12,757","7,365","2,010"
"Pittsburgh city, Pennsylvania!!Estimate Margin of Error","±3,447","±1,425","±2,634","±2,814","±2,557","±1,626","±1,181","2,010"
"Pittsburgh city, Pennsylvania!!Percent","153,756",3.90%,20.70%,29.40%,32.90%,8.30%,4.80%,"2,010"
"Pittsburgh city, Pennsylvania!!Percent Margin of Error",(X),±0.9,±1.6,±1.7,±1.7,±1.0,±0.8,"2,010"
"Memphis city, Tennessee!!Estimate","293,845","4,021","35,513","91,914","125,074","30,836","6,487","2,010"
"Memphis city, Tennessee!!Estimate Margin of Error","±3,302","±1,277","±2,957","±4,301","±4,861","±2,934","±1,104","2,010"
"Memphis city, Tennessee!!Percent","293,845",1.40%,12.10%,31.30%,42.60%,10.50%,2.20%,"2,010"
"Memphis city, Tennessee!!Percent Margin of Error",(X),±0.4,±1.0,±1.4,±1.6,±1.0,±0.4,"2,010"
"Arlington city, Texas!!Estimate","146,638","3,010","23,368","30,764","60,943","24,756","3,797","2,010"
"Arlington city, Texas!!Estimate Margin of Error","±3,785","±1,026","±2,793","±2,947","±3,332","±2,247",±940,"2,010"
"Arlington city, Texas!!Percent","146,638",2.10%,15.90%,21.00%,41.60%,16.90%,2.60%,"2,010"
"Arlington city, Texas!!Percent Margin of Error",(X),±0.7,±1.7,±2.0,±2.1,±1.5,±0.6,"2,010"
"Austin city, Texas!!Estimate","354,988","9,548","81,116","103,054","105,444","45,586","10,240","2,010"
"Austin city, Texas!!Estimate Margin of Error","±5,209","±1,864","±4,167","±5,168","±4,441","±3,119","±1,447","2,010"
"Austin city, Texas!!Percent","354,988",2.70%,22.90%,29.00%,29.70%,12.80%,2.90%,"2,010"
"Austin city, Texas!!Percent Margin of Error",(X),±0.5,±1.2,±1.3,±1.2,±0.9,±0.4,"2,010"
"Corpus Christi city, Texas!!Estimate","124,620","2,604","16,311","35,585","53,256","14,431","2,433","2,010"
"Corpus Christi city, Texas!!Estimate Margin of Error","±1,582","±1,039","±2,274","±3,030","±2,958","±2,060",±923,"2,010"
"Corpus Christi city, Texas!!Percent","124,620",2.10%,13.10%,28.60%,42.70%,11.60%,2.00%,"2,010"
"Corpus Christi city, Texas!!Percent Margin of Error",(X),±0.8,±1.8,±2.4,±2.4,±1.6,±0.7,"2,010"
"Dallas city, Texas!!Estimate","514,372","15,485","139,690","152,944","146,286","50,151","9,816","2,010"
"Dallas city, Texas!!Estimate Margin of Error","±6,971","±2,166","±5,787","±5,746","±4,683","±3,249","±1,410","2,010"
"Dallas city, Texas!!Percent","514,372",3.00%,27.20%,29.70%,28.40%,9.70%,1.90%,"2,010"
"Dallas city, Texas!!Percent Margin of Error",(X),±0.4,±1.0,±1.1,±0.9,±0.6,±0.3,"2,010"
"El Paso city, Texas!!Estimate","230,485","7,011","24,907","44,853","108,886","37,409","7,419","2,010"
"El Paso city, Texas!!Estimate Margin of Error","±1,937","±1,528","±2,347","±3,105","±3,638","±2,830","±1,448","2,010"
"El Paso city, Texas!!Percent","230,485",3.00%,10.80%,19.50%,47.20%,16.20%,3.20%,"2,010"
"El Paso city, Texas!!Percent Margin of Error",(X),±0.7,±1.0,±1.4,±1.5,±1.2,±0.6,"2,010"
"Houston city, Texas!!Estimate","902,745","19,577","226,300","272,814","271,348","95,402","17,304","2,010"
"Houston city, Texas!!Estimate Margin of Error","±7,429","±2,820","±7,854","±8,191","±7,814","±5,078","±1,849","2,010"
"Houston city, Texas!!Percent","902,745",2.20%,25.10%,30.20%,30.10%,10.60%,1.90%,"2,010"
"Houston city, Texas!!Percent Margin of Error",(X),±0.3,±0.8,±0.9,±0.8,±0.6,±0.2,"2,010"
"Plano city, Texas!!Estimate","105,307","1,184","14,601","17,800","29,929","34,049","7,744","2,010"
"Plano city, Texas!!Estimate Margin of Error","±2,905",±655,"±2,156","±2,275","±2,657","±2,257","±1,172","2,010"
"Plano city, Texas!!Percent","105,307",1.10%,13.90%,16.90%,28.40%,32.30%,7.40%,"2,010"
"Plano city, Texas!!Percent Margin of Error",(X),±0.6,±1.9,±2.1,±2.3,±2.2,±1.1,"2,010"
"San Antonio city, Texas!!Estimate","525,799","13,403","86,649","128,018","207,900","76,965","12,864","2,010"
"San Antonio city, Texas!!Estimate Margin of Error","±4,754","±2,370","±4,580","±5,096","±6,198","±3,293","±1,618","2,010"
"San Antonio city, Texas!!Percent","525,799",2.50%,16.50%,24.30%,39.50%,14.60%,2.40%,"2,010"
"San Antonio city, Texas!!Percent Margin of Error",(X),±0.4,±0.8,±1.0,±1.1,±0.6,±0.3,"2,010"
"Virginia Beach city, Virginia!!Estimate","178,117","1,565","9,794","42,645","67,053","46,114","10,946","2,010"
"Virginia Beach city, Virginia!!Estimate Margin of Error",±840,±830,"±1,397","±2,773","±3,226","±2,858","±1,467","2,010"
"Virginia Beach city, Virginia!!Percent","178,117",0.90%,5.50%,23.90%,37.60%,25.90%,6.10%,"2,010"
"Virginia Beach city, Virginia!!Percent Margin of Error",(X),±0.5,±0.8,±1.5,±1.8,±1.6,±0.8,"2,010"
"Seattle city, Washington!!Estimate","302,514","24,548","80,274","85,456","62,514","36,503","13,219","2,010"
"Seattle city, Washington!!Estimate Margin of Error","±6,008","±2,845","±4,584","±4,737","±3,793","±2,728","±1,825","2,010"
"Seattle city, Washington!!Percent","302,514",8.10%,26.50%,28.20%,20.70%,12.10%,4.40%,"2,010"
"Seattle city, Washington!!Percent Margin of Error",(X),±0.9,±1.4,±1.4,±1.1,±0.9,±0.6,"2,010"
"Milwaukee city, Wisconsin!!Estimate","258,694","8,215","43,743","92,595","83,599","22,786","7,756","2,010"
"Milwaukee city, Wisconsin!!Estimate Margin of Error","±3,433","±1,556","±2,603","±3,455","±3,400","±2,202","±1,255","2,010"
"Milwaukee city, Wisconsin!!Percent","258,694",3.20%,16.90%,35.80%,32.30%,8.80%,3.00%,"2,010"
"Milwaukee city, Wisconsin!!Percent Margin of Error",(X),±0.6,±1.0,±1.3,±1.3,±0.8,±0.5,"2,010"
