﻿Label (Grouping),    Occupied units paying rent,    Less than $200,    $200 to $299,    $300 to $499,    $500 to $749,    $750 to $999,"    $1,000 to $1,499","    $1,500 or more",    Median (dollars),    No rent paid,Year
"Anchorage municipality, Alaska!!Estimate","37,818",757,463,"1,309","4,249","12,333","10,879","7,828",995,"3,157","2,010"
"Anchorage municipality, Alaska!!Estimate Margin of Error","±2,424",±497,±447,±630,"±1,027","±1,929","±1,517","±1,596",±42,"±1,032","2,010"
"Anchorage municipality, Alaska!!Percent","37,818",2.00%,1.20%,3.50%,11.20%,32.60%,28.80%,20.70%,(X),(X),"2,010"
"Anchorage municipality, Alaska!!Percent Margin of Error",(X),±1.3,±1.2,±1.7,±2.6,±4.6,±3.8,±3.7,(X),(X),"2,010"
"Mesa city, Arizona!!Estimate","59,814",172,777,"2,394","19,590","19,306","14,604","2,971",800,"2,350","2,010"
"Mesa city, Arizona!!Estimate Margin of Error","±3,870",±166,±445,±803,"±2,500","±2,523","±2,252","±1,118",±26,±689,"2,010"
"Mesa city, Arizona!!Percent","59,814",0.30%,1.30%,4.00%,32.80%,32.30%,24.40%,5.00%,(X),(X),"2,010"
"Mesa city, Arizona!!Percent Margin of Error",(X),±0.3,±0.7,±1.4,±3.4,±3.7,±3.4,±1.9,(X),(X),"2,010"
"Phoenix city, Arizona!!Estimate","219,851","1,720","3,187","16,778","70,833","57,731","52,878","16,724",821,"6,399","2,010"
"Phoenix city, Arizona!!Estimate Margin of Error","±6,767",±859,±789,"±2,104","±4,318","±4,357","±4,179","±2,214",±13,"±1,303","2,010"
"Phoenix city, Arizona!!Percent","219,851",0.80%,1.40%,7.60%,32.20%,26.30%,24.10%,7.60%,(X),(X),"2,010"
"Phoenix city, Arizona!!Percent Margin of Error",(X),±0.4,±0.4,±1.0,±1.7,±1.8,±1.6,±1.0,(X),(X),"2,010"
"Tucson city, Arizona!!Estimate","92,730","1,938","1,157","14,536","32,172","23,333","15,753","3,841",719,"3,156","2,010"
"Tucson city, Arizona!!Estimate Margin of Error","±4,407",±767,±442,"±1,927","±3,191","±2,492","±2,505","±1,048",±22,±854,"2,010"
"Tucson city, Arizona!!Percent","92,730",2.10%,1.20%,15.70%,34.70%,25.20%,17.00%,4.10%,(X),(X),"2,010"
"Tucson city, Arizona!!Percent Margin of Error",(X),±0.8,±0.5,±2.0,±3.1,±2.5,±2.4,±1.1,(X),(X),"2,010"
"Anaheim city, California!!Estimate","51,420",57,"2,074",902,"1,529","6,965","27,777","12,116","1,240",400,"2,010"
"Anaheim city, California!!Estimate Margin of Error","±2,650",±97,±928,±405,±659,"±1,643","±2,561","±1,783",±31,±248,"2,010"
"Anaheim city, California!!Percent","51,420",0.10%,4.00%,1.80%,3.00%,13.50%,54.00%,23.60%,(X),(X),"2,010"
"Anaheim city, California!!Percent Margin of Error",(X),±0.2,±1.8,±0.8,±1.3,±3.0,±4.5,±3.3,(X),(X),"2,010"
"Bakersfield city, California!!Estimate","43,469",263,555,"1,836","11,105","12,447","10,749","6,514",880,"1,190","2,010"
"Bakersfield city, California!!Estimate Margin of Error","±2,710",±228,±375,±853,"±1,714","±1,672","±1,674","±1,212",±31,±540,"2,010"
"Bakersfield city, California!!Percent","43,469",0.60%,1.30%,4.20%,25.50%,28.60%,24.70%,15.00%,(X),(X),"2,010"
"Bakersfield city, California!!Percent Margin of Error",(X),±0.5,±0.9,±1.9,±3.7,±3.7,±3.3,±2.6,(X),(X),"2,010"
"Fresno city, California!!Estimate","75,414","1,516","1,618","7,520","19,656","20,285","19,105","5,714",837,"2,481","2,010"
"Fresno city, California!!Estimate Margin of Error","±3,155",±674,±668,"±1,395","±2,553","±2,284","±2,279","±1,321",±27,±880,"2,010"
"Fresno city, California!!Percent","75,414",2.00%,2.10%,10.00%,26.10%,26.90%,25.30%,7.60%,(X),(X),"2,010"
"Fresno city, California!!Percent Margin of Error",(X),±0.9,±0.9,±1.7,±3.1,±2.9,±2.9,±1.7,(X),(X),"2,010"
"Irvine city, California!!Estimate","37,296",0,627,826,"1,810","1,378","7,952","24,703","1,705",713,"2,010"
"Irvine city, California!!Estimate Margin of Error","±2,360",±294,±389,±503,±578,±724,"±1,564","±2,002",±46,±390,"2,010"
"Irvine city, California!!Percent","37,296",0.00%,1.70%,2.20%,4.90%,3.70%,21.30%,66.20%,(X),(X),"2,010"
"Irvine city, California!!Percent Margin of Error",(X),±0.5,±1.0,±1.3,±1.5,±1.9,±3.9,±4.2,(X),(X),"2,010"
"Long Beach city, California!!Estimate","93,294",372,"2,163","2,143","9,919","27,565","34,593","16,539","1,051","2,410","2,010"
"Long Beach city, California!!Estimate Margin of Error","±4,007",±286,±833,±774,"±1,572","±2,630","±2,803","±1,847",±25,±766,"2,010"
"Long Beach city, California!!Percent","93,294",0.40%,2.30%,2.30%,10.60%,29.50%,37.10%,17.70%,(X),(X),"2,010"
"Long Beach city, California!!Percent Margin of Error",(X),±0.3,±0.9,±0.8,±1.6,±2.5,±2.5,±2.0,(X),(X),"2,010"
"Los Angeles city, California!!Estimate","797,230","6,285","22,465","26,432","90,025","176,395","277,077","198,551","1,117","20,001","2,010"
"Los Angeles city, California!!Estimate Margin of Error","±11,063","±1,338","±2,479","±2,585","±4,150","±6,552","±8,509","±6,974",±10,"±2,298","2,010"
"Los Angeles city, California!!Percent","797,230",0.80%,2.80%,3.30%,11.30%,22.10%,34.80%,24.90%,(X),(X),"2,010"
"Los Angeles city, California!!Percent Margin of Error",(X),±0.2,±0.3,±0.3,±0.5,±0.8,±0.9,±0.8,(X),(X),"2,010"
"Oakland city, California!!Estimate","87,903","1,513","5,372","4,632","8,425","24,913","27,106","15,942",991,"2,358","2,010"
"Oakland city, California!!Estimate Margin of Error","±3,658",±673,"±1,148","±1,158","±1,504","±2,719","±2,559","±1,943",±25,±869,"2,010"
"Oakland city, California!!Percent","87,903",1.70%,6.10%,5.30%,9.60%,28.30%,30.80%,18.10%,(X),(X),"2,010"
"Oakland city, California!!Percent Margin of Error",(X),±0.8,±1.3,±1.3,±1.6,±2.8,±2.7,±2.1,(X),(X),"2,010"
"Riverside city, California!!Estimate","36,744",199,412,"1,632","3,115","10,006","14,949","6,431","1,081",983,"2,010"
"Riverside city, California!!Estimate Margin of Error","±2,980",±254,±247,±754,±922,"±1,790","±2,093","±1,286",±40,±504,"2,010"
"Riverside city, California!!Percent","36,744",0.50%,1.10%,4.40%,8.50%,27.20%,40.70%,17.50%,(X),(X),"2,010"
"Riverside city, California!!Percent Margin of Error",(X),±0.7,±0.7,±2.0,±2.4,±4.3,±4.2,±3.5,(X),(X),"2,010"
"Sacramento city, California!!Estimate","86,953","1,248","2,601","3,318","16,027","23,658","29,388","10,713",961,"2,265","2,010"
"Sacramento city, California!!Estimate Margin of Error","±4,030",±550,±702,±815,"±1,828","±2,213","±2,781","±1,901",±27,±758,"2,010"
"Sacramento city, California!!Percent","86,953",1.40%,3.00%,3.80%,18.40%,27.20%,33.80%,12.30%,(X),(X),"2,010"
"Sacramento city, California!!Percent Margin of Error",(X),±0.6,±0.8,±0.9,±2.1,±2.1,±2.8,±2.0,(X),(X),"2,010"
"San Diego city, California!!Estimate","238,779",715,"4,562","5,545","16,320","44,497","85,494","81,646","1,260","5,982","2,010"
"San Diego city, California!!Estimate Margin of Error","±5,564",±429,"±1,021","±1,054","±1,985","±3,863","±4,292","±4,293",±24,"±1,371","2,010"
"San Diego city, California!!Percent","238,779",0.30%,1.90%,2.30%,6.80%,18.60%,35.80%,34.20%,(X),(X),"2,010"
"San Diego city, California!!Percent Margin of Error",(X),±0.2,±0.4,±0.5,±0.8,±1.5,±1.7,±1.5,(X),(X),"2,010"
"San Francisco city, California!!Estimate","207,400","1,753","7,614","10,913","21,331","21,860","51,960","91,969","1,385","5,484","2,010"
"San Francisco city, California!!Estimate Margin of Error","±5,910",±814,"±1,271","±1,814","±2,292","±2,843","±3,592","±4,530",±33,"±1,390","2,010"
"San Francisco city, California!!Percent","207,400",0.80%,3.70%,5.30%,10.30%,10.50%,25.10%,44.30%,(X),(X),"2,010"
"San Francisco city, California!!Percent Margin of Error",(X),±0.4,±0.6,±0.8,±1.0,±1.3,±1.8,±1.8,(X),(X),"2,010"
"San Jose city, California!!Estimate","121,849",583,"3,343","2,887","7,667","15,068","42,900","49,401","1,371","2,508","2,010"
"San Jose city, California!!Estimate Margin of Error","±4,741",±395,±872,±782,"±1,588","±2,158","±3,718","±3,486",±31,±728,"2,010"
"San Jose city, California!!Percent","121,849",0.50%,2.70%,2.40%,6.30%,12.40%,35.20%,40.50%,(X),(X),"2,010"
"San Jose city, California!!Percent Margin of Error",(X),±0.3,±0.7,±0.6,±1.3,±1.7,±2.6,±2.6,(X),(X),"2,010"
"Santa Ana city, California!!Estimate","37,013",139,282,623,"1,799","8,069","16,829","9,272","1,248",391,"2,010"
"Santa Ana city, California!!Estimate Margin of Error","±2,031",±175,±282,±375,±552,"±1,464","±2,014","±1,215",±34,±382,"2,010"
"Santa Ana city, California!!Percent","37,013",0.40%,0.80%,1.70%,4.90%,21.80%,45.50%,25.10%,(X),(X),"2,010"
"Santa Ana city, California!!Percent Margin of Error",(X),±0.5,±0.8,±1.0,±1.4,±3.7,±4.8,±3.2,(X),(X),"2,010"
"Stockton city, California!!Estimate","41,971",344,987,"1,599","9,361","12,185","12,445","5,050",928,"1,450","2,010"
"Stockton city, California!!Estimate Margin of Error","±2,810",±339,±572,±578,"±1,621","±1,684","±1,888","±1,237",±35,±699,"2,010"
"Stockton city, California!!Percent","41,971",0.80%,2.40%,3.80%,22.30%,29.00%,29.70%,12.00%,(X),(X),"2,010"
"Stockton city, California!!Percent Margin of Error",(X),±0.8,±1.4,±1.3,±3.5,±3.7,±4.0,±2.8,(X),(X),"2,010"
"Aurora city, Colorado!!Estimate","45,601",160,566,"1,738","11,844","16,102","10,866","4,325",869,"1,222","2,010"
"Aurora city, Colorado!!Estimate Margin of Error","±2,338",±161,±333,±686,"±1,663","±1,811","±1,659",±991,±17,±602,"2,010"
"Aurora city, Colorado!!Percent","45,601",0.40%,1.20%,3.80%,26.00%,35.30%,23.80%,9.50%,(X),(X),"2,010"
"Aurora city, Colorado!!Percent Margin of Error",(X),±0.4,±0.7,±1.5,±3.2,±3.8,±3.2,±2.2,(X),(X),"2,010"
"Colorado Springs city, Colorado!!Estimate","66,192",720,"1,189","5,869","24,248","14,702","14,617","4,847",765,"3,198","2,010"
"Colorado Springs city, Colorado!!Estimate Margin of Error","±3,112",±462,±619,"±1,339","±2,760","±2,031","±1,741","±1,076",±29,±976,"2,010"
"Colorado Springs city, Colorado!!Percent","66,192",1.10%,1.80%,8.90%,36.60%,22.20%,22.10%,7.30%,(X),(X),"2,010"
"Colorado Springs city, Colorado!!Percent Margin of Error",(X),±0.7,±0.9,±2.0,±3.5,±3.1,±2.5,±1.5,(X),(X),"2,010"
"Denver city, Colorado!!Estimate","128,294","4,479","4,856","7,511","36,929","34,395","29,113","11,011",811,"2,009","2,010"
"Denver city, Colorado!!Estimate Margin of Error","±4,198","±1,266","±1,054","±1,376","±2,548","±2,833","±2,960","±1,760",±16,±741,"2,010"
"Denver city, Colorado!!Percent","128,294",3.50%,3.80%,5.90%,28.80%,26.80%,22.70%,8.60%,(X),(X),"2,010"
"Denver city, Colorado!!Percent Margin of Error",(X),±0.9,±0.8,±1.0,±1.9,±2.0,±2.1,±1.4,(X),(X),"2,010"
"Washington city, District of Columbia!!Estimate","140,494","5,433","3,998","6,941","14,102","24,843","39,960","45,217","1,198","4,701","2,010"
"Washington city, District of Columbia!!Estimate Margin of Error","±4,968","±1,140",±972,"±1,369","±1,833","±2,370","±3,381","±3,035",±39,"±1,029","2,010"
"Washington city, District of Columbia!!Percent","140,494",3.90%,2.80%,4.90%,10.00%,17.70%,28.40%,32.20%,(X),(X),"2,010"
"Washington city, District of Columbia!!Percent Margin of Error",(X),±0.8,±0.7,±1.0,±1.2,±1.6,±2.2,±1.7,(X),(X),"2,010"
"Jacksonville city, Florida!!Estimate","112,928","2,380","2,710","5,889","26,106","35,343","33,440","7,060",879,"4,291","2,010"
"Jacksonville city, Florida!!Estimate Margin of Error","±5,785",±788,±805,"±1,250","±3,258","±3,269","±3,286","±1,686",±17,"±1,139","2,010"
"Jacksonville city, Florida!!Percent","112,928",2.10%,2.40%,5.20%,23.10%,31.30%,29.60%,6.30%,(X),(X),"2,010"
"Jacksonville city, Florida!!Percent Margin of Error",(X),±0.7,±0.7,±1.1,±2.5,±2.6,±2.5,±1.4,(X),(X),"2,010"
"Miami city, Florida!!Estimate","94,734","4,626","6,292","5,125","19,328","23,530","24,385","11,448",879,"3,110","2,010"
"Miami city, Florida!!Estimate Margin of Error","±4,117","±1,036","±1,294","±1,271","±2,059","±2,194","±2,547","±1,765",±26,"±1,055","2,010"
"Miami city, Florida!!Percent","94,734",4.90%,6.60%,5.40%,20.40%,24.80%,25.70%,12.10%,(X),(X),"2,010"
"Miami city, Florida!!Percent Margin of Error",(X),±1.1,±1.4,±1.3,±2.0,±2.1,±2.4,±1.8,(X),(X),"2,010"
"Orlando city, Florida!!Estimate","57,211",354,650,"1,763","10,649","21,230","18,436","4,129",922,973,"2,010"
"Orlando city, Florida!!Estimate Margin of Error","±3,443",±245,±385,±759,"±1,892","±2,637","±2,040","±1,222",±27,±539,"2,010"
"Orlando city, Florida!!Percent","57,211",0.60%,1.10%,3.10%,18.60%,37.10%,32.20%,7.20%,(X),(X),"2,010"
"Orlando city, Florida!!Percent Margin of Error",(X),±0.4,±0.7,±1.3,±3.0,±3.9,±3.4,±2.1,(X),(X),"2,010"
"Tampa city, Florida!!Estimate","63,275","1,164","2,578","3,404","13,179","19,347","17,564","6,039",881,"2,062","2,010"
"Tampa city, Florida!!Estimate Margin of Error","±3,546",±505,±920,±938,"±1,502","±2,619","±2,280","±1,324",±25,±643,"2,010"
"Tampa city, Florida!!Percent","63,275",1.80%,4.10%,5.40%,20.80%,30.60%,27.80%,9.50%,(X),(X),"2,010"
"Tampa city, Florida!!Percent Margin of Error",(X),±0.8,±1.4,±1.5,±2.3,±3.6,±3.3,±2.1,(X),(X),"2,010"
"Atlanta city, Georgia!!Estimate","93,261","3,331","5,047","6,342","17,343","25,860","26,400","8,938",892,"2,481","2,010"
"Atlanta city, Georgia!!Estimate Margin of Error","±3,948","±1,016","±1,042","±1,423","±2,435","±2,953","±2,762","±1,494",±29,±751,"2,010"
"Atlanta city, Georgia!!Percent","93,261",3.60%,5.40%,6.80%,18.60%,27.70%,28.30%,9.60%,(X),(X),"2,010"
"Atlanta city, Georgia!!Percent Margin of Error",(X),±1.1,±1.2,±1.5,±2.3,±3.0,±2.7,±1.6,(X),(X),"2,010"
"Chicago city, Illinois!!Estimate","534,734","13,677","14,522","29,500","108,392","159,722","143,308","65,613",904,"14,594","2,010"
"Chicago city, Illinois!!Estimate Margin of Error","±8,383","±1,780","±2,228","±2,891","±4,870","±6,086","±6,072","±3,843",±10,"±1,804","2,010"
"Chicago city, Illinois!!Percent","534,734",2.60%,2.70%,5.50%,20.30%,29.90%,26.80%,12.30%,(X),(X),"2,010"
"Chicago city, Illinois!!Percent Margin of Error",(X),±0.3,±0.4,±0.5,±0.8,±1.1,±1.0,±0.7,(X),(X),"2,010"
"Indianapolis city (balance), Indiana!!Estimate","132,632","2,643","3,361","12,205","54,900","37,422","17,681","4,420",723,"6,736","2,010"
"Indianapolis city (balance), Indiana!!Estimate Margin of Error","±4,391",±997,±867,"±1,775","±4,205","±3,576","±2,446","±1,254",±14,"±1,252","2,010"
"Indianapolis city (balance), Indiana!!Percent","132,632",2.00%,2.50%,9.20%,41.40%,28.20%,13.30%,3.30%,(X),(X),"2,010"
"Indianapolis city (balance), Indiana!!Percent Margin of Error",(X),±0.7,±0.7,±1.3,±3.0,±2.4,±1.8,±0.9,(X),(X),"2,010"
"Wichita city, Kansas!!Estimate","55,556","1,066","1,702","11,236","23,665","10,897","5,566","1,424",644,"1,795","2,010"
"Wichita city, Kansas!!Estimate Margin of Error","±3,263",±564,±676,"±1,840","±2,265","±1,573","±1,248",±653,±21,±653,"2,010"
"Wichita city, Kansas!!Percent","55,556",1.90%,3.10%,20.20%,42.60%,19.60%,10.00%,2.60%,(X),(X),"2,010"
"Wichita city, Kansas!!Percent Margin of Error",(X),±1.0,±1.2,±2.9,±3.6,±2.7,±2.2,±1.1,(X),(X),"2,010"
"New Orleans city, Louisiana!!Estimate","67,588","1,964","2,561","4,046","12,873","19,119","20,529","6,496",897,"3,048","2,010"
"New Orleans city, Louisiana!!Estimate Margin of Error","±3,631",±778,±899,±970,"±1,922","±2,389","±2,414","±1,052",±30,±927,"2,010"
"New Orleans city, Louisiana!!Percent","67,588",2.90%,3.80%,6.00%,19.00%,28.30%,30.40%,9.60%,(X),(X),"2,010"
"New Orleans city, Louisiana!!Percent Margin of Error",(X),±1.1,±1.3,±1.4,±2.8,±3.0,±3.1,±1.5,(X),(X),"2,010"
"Baltimore city, Maryland!!Estimate","125,464","9,145","6,121","10,819","21,498","30,697","34,886","12,298",874,"3,198","2,010"
"Baltimore city, Maryland!!Estimate Margin of Error","±4,544","±1,531","±1,306","±1,982","±2,269","±2,613","±3,472","±1,454",±22,±823,"2,010"
"Baltimore city, Maryland!!Percent","125,464",7.30%,4.90%,8.60%,17.10%,24.50%,27.80%,9.80%,(X),(X),"2,010"
"Baltimore city, Maryland!!Percent Margin of Error",(X),±1.2,±1.0,±1.5,±1.8,±2.0,±2.4,±1.1,(X),(X),"2,010"
"Boston city, Massachusetts!!Estimate","167,032","7,184","13,227","11,354","10,891","17,454","53,545","53,377","1,233","2,919","2,010"
"Boston city, Massachusetts!!Estimate Margin of Error","±4,681","±1,453","±1,747","±1,640","±1,664","±2,158","±3,921","±3,364",±32,±910,"2,010"
"Boston city, Massachusetts!!Percent","167,032",4.30%,7.90%,6.80%,6.50%,10.40%,32.10%,32.00%,(X),(X),"2,010"
"Boston city, Massachusetts!!Percent Margin of Error",(X),±0.9,±1.0,±1.0,±1.0,±1.2,±2.1,±1.8,(X),(X),"2,010"
"Detroit city, Michigan!!Estimate","109,894","3,569","4,899","14,535","33,945","28,004","23,566","1,376",733,"9,443","2,010"
"Detroit city, Michigan!!Estimate Margin of Error","±4,374","±1,009",±930,"±1,852","±2,986","±2,762","±2,328",±570,±23,"±1,618","2,010"
"Detroit city, Michigan!!Percent","109,894",3.20%,4.50%,13.20%,30.90%,25.50%,21.40%,1.30%,(X),(X),"2,010"
"Detroit city, Michigan!!Percent Margin of Error",(X),±0.9,±0.9,±1.6,±2.3,±2.2,±2.0,±0.5,(X),(X),"2,010"
"Minneapolis city, Minnesota!!Estimate","81,646","2,218","5,585","5,816","24,217","19,481","17,778","6,551",785,"1,864","2,010"
"Minneapolis city, Minnesota!!Estimate Margin of Error","±3,400",±675,"±1,298","±1,371","±2,284","±2,302","±2,322","±1,102",±29,±654,"2,010"
"Minneapolis city, Minnesota!!Percent","81,646",2.70%,6.80%,7.10%,29.70%,23.90%,21.80%,8.00%,(X),(X),"2,010"
"Minneapolis city, Minnesota!!Percent Margin of Error",(X),±0.8,±1.5,±1.7,±2.5,±2.6,±2.7,±1.3,(X),(X),"2,010"
"St. Paul city, Minnesota!!Estimate","52,604","1,433","3,441","4,564","16,749","14,747","9,154","2,516",751,967,"2,010"
"St. Paul city, Minnesota!!Estimate Margin of Error","±2,527",±487,±838,"±1,080","±1,940","±2,107","±1,457",±772,±26,±572,"2,010"
"St. Paul city, Minnesota!!Percent","52,604",2.70%,6.50%,8.70%,31.80%,28.00%,17.40%,4.80%,(X),(X),"2,010"
"St. Paul city, Minnesota!!Percent Margin of Error",(X),±0.9,±1.6,±2.0,±3.2,±3.6,±2.7,±1.5,(X),(X),"2,010"
"Lincoln city, Nebraska!!Estimate","43,534",453,677,"7,575","17,226","10,366","5,808","1,429",686,"1,515","2,010"
"Lincoln city, Nebraska!!Estimate Margin of Error","±2,381",±326,±361,"±1,422","±2,193","±1,750","±1,205",±468,±22,±713,"2,010"
"Lincoln city, Nebraska!!Percent","43,534",1.00%,1.60%,17.40%,39.60%,23.80%,13.30%,3.30%,(X),(X),"2,010"
"Lincoln city, Nebraska!!Percent Margin of Error",(X),±0.7,±0.8,±3.2,±4.3,±3.7,±2.7,±1.1,(X),(X),"2,010"
"Omaha city, Nebraska!!Estimate","66,605","1,910","1,095","6,740","24,342","20,487","10,140","1,891",742,"1,222","2,010"
"Omaha city, Nebraska!!Estimate Margin of Error","±2,874",±802,±462,"±1,393","±2,130","±2,241","±1,543",±685,±18,±411,"2,010"
"Omaha city, Nebraska!!Percent","66,605",2.90%,1.60%,10.10%,36.50%,30.80%,15.20%,2.80%,(X),(X),"2,010"
"Omaha city, Nebraska!!Percent Margin of Error",(X),±1.2,±0.7,±2.0,±2.9,±2.9,±2.2,±1.1,(X),(X),"2,010"
"Henderson city, Nevada!!Estimate","33,972",277,154,320,"4,297","9,216","12,963","6,745","1,091","1,294","2,010"
"Henderson city, Nevada!!Estimate Margin of Error","±2,292",±382,±118,±223,±903,"±1,791","±2,008","±1,454",±46,±738,"2,010"
"Henderson city, Nevada!!Percent","33,972",0.80%,0.50%,0.90%,12.60%,27.10%,38.20%,19.90%,(X),(X),"2,010"
"Henderson city, Nevada!!Percent Margin of Error",(X),±1.1,±0.3,±0.7,±2.7,±4.9,±5.0,±4.2,(X),(X),"2,010"
"Las Vegas city, Nevada!!Estimate","95,206","1,114","1,143","3,724","17,322","28,076","32,762","11,065",961,"1,770","2,010"
"Las Vegas city, Nevada!!Estimate Margin of Error","±4,413",±467,±640,"±1,116","±2,041","±2,803","±2,679","±2,155",±28,±527,"2,010"
"Las Vegas city, Nevada!!Percent","95,206",1.20%,1.20%,3.90%,18.20%,29.50%,34.40%,11.60%,(X),(X),"2,010"
"Las Vegas city, Nevada!!Percent Margin of Error",(X),±0.5,±0.7,±1.1,±1.9,±2.9,±2.3,±2.1,(X),(X),"2,010"
"Jersey City city, New Jersey!!Estimate","62,798","1,484","1,971","2,567","6,885","12,361","19,477","18,053","1,123","1,107","2,010"
"Jersey City city, New Jersey!!Estimate Margin of Error","±2,748",±506,±622,±741,"±1,250","±1,816","±2,177","±1,850",±35,±676,"2,010"
"Jersey City city, New Jersey!!Percent","62,798",2.40%,3.10%,4.10%,11.00%,19.70%,31.00%,28.70%,(X),(X),"2,010"
"Jersey City city, New Jersey!!Percent Margin of Error",(X),±0.8,±1.0,±1.2,±2.0,±2.7,±3.2,±2.6,(X),(X),"2,010"
"Newark city, New Jersey!!Estimate","68,980","3,345","4,079","4,181","9,376","19,430","22,025","6,544",934,739,"2,010"
"Newark city, New Jersey!!Estimate Margin of Error","±3,123","±1,017",±992,"±1,081","±1,544","±2,157","±2,304","±1,400",±23,±423,"2,010"
"Newark city, New Jersey!!Percent","68,980",4.80%,5.90%,6.10%,13.60%,28.20%,31.90%,9.50%,(X),(X),"2,010"
"Newark city, New Jersey!!Percent Margin of Error",(X),±1.4,±1.4,±1.5,±2.0,±3.0,±3.0,±2.1,(X),(X),"2,010"
"Albuquerque city, New Mexico!!Estimate","86,736","1,595","2,032","9,447","32,101","21,920","17,646","1,995",734,"3,264","2,010"
"Albuquerque city, New Mexico!!Estimate Margin of Error","±3,768",±781,±704,"±1,547","±2,683","±2,155","±2,327",±711,±22,"±1,074","2,010"
"Albuquerque city, New Mexico!!Percent","86,736",1.80%,2.30%,10.90%,37.00%,25.30%,20.30%,2.30%,(X),(X),"2,010"
"Albuquerque city, New Mexico!!Percent Margin of Error",(X),±0.9,±0.8,±1.8,±2.6,±2.3,±2.5,±0.8,(X),(X),"2,010"
"New York city, New York!!Estimate","2,011,983","30,277","95,875","118,821","217,970","340,295","678,703","530,042","1,129","51,190","2,010"
"New York city, New York!!Estimate Margin of Error","±13,496","±3,286","±5,463","±5,292","±6,862","±9,767","±11,357","±10,195",±6,"±3,457","2,010"
"New York city, New York!!Percent","2,011,983",1.50%,4.80%,5.90%,10.80%,16.90%,33.70%,26.30%,(X),(X),"2,010"
"New York city, New York!!Percent Margin of Error",(X),±0.2,±0.3,±0.3,±0.3,±0.5,±0.6,±0.4,(X),(X),"2,010"
"Greensboro city, North Carolina!!Estimate","48,997",973,"1,689","5,337","21,557","12,878","5,631",932,691,"1,885","2,010"
"Greensboro city, North Carolina!!Estimate Margin of Error","±3,263",±560,±734,"±1,444","±2,168","±2,045","±1,231",±531,±23,±702,"2,010"
"Greensboro city, North Carolina!!Percent","48,997",2.00%,3.40%,10.90%,44.00%,26.30%,11.50%,1.90%,(X),(X),"2,010"
"Greensboro city, North Carolina!!Percent Margin of Error",(X),±1.1,±1.5,±2.8,±4.1,±3.6,±2.3,±1.1,(X),(X),"2,010"
"Cincinnati city, Ohio!!Estimate","70,748","3,177","2,507","12,111","30,187","12,577","7,717","2,472",628,"1,967","2,010"
"Cincinnati city, Ohio!!Estimate Margin of Error","±3,686",±828,±702,"±1,644","±2,805","±1,893","±1,313",±615,±16,±644,"2,010"
"Cincinnati city, Ohio!!Percent","70,748",4.50%,3.50%,17.10%,42.70%,17.80%,10.90%,3.50%,(X),(X),"2,010"
"Cincinnati city, Ohio!!Percent Margin of Error",(X),±1.1,±1.0,±2.3,±2.9,±2.4,±1.9,±0.9,(X),(X),"2,010"
"Cleveland city, Ohio!!Estimate","84,821","6,762","4,257","10,885","34,957","19,769","6,868","1,323",644,"2,707","2,010"
"Cleveland city, Ohio!!Estimate Margin of Error","±3,298","±1,113","±1,134","±1,659","±2,741","±2,088","±1,465",±513,±15,±673,"2,010"
"Cleveland city, Ohio!!Percent","84,821",8.00%,5.00%,12.80%,41.20%,23.30%,8.10%,1.60%,(X),(X),"2,010"
"Cleveland city, Ohio!!Percent Margin of Error",(X),±1.3,±1.3,±1.9,±3.0,±2.3,±1.7,±0.6,(X),(X),"2,010"
"Columbus city, Ohio!!Estimate","165,483","4,047","4,120","13,827","58,965","51,894","27,400","5,230",757,"2,482","2,010"
"Columbus city, Ohio!!Estimate Margin of Error","±5,679","±1,159","±1,158","±1,915","±4,032","±3,677","±2,752","±1,023",±15,±691,"2,010"
"Columbus city, Ohio!!Percent","165,483",2.40%,2.50%,8.40%,35.60%,31.40%,16.60%,3.20%,(X),(X),"2,010"
"Columbus city, Ohio!!Percent Margin of Error",(X),±0.7,±0.7,±1.1,±1.9,±2.2,±1.5,±0.6,(X),(X),"2,010"
"Tulsa city, Oklahoma!!Estimate","70,956","2,004","1,986","8,307","29,267","18,898","8,132","2,362",691,"3,345","2,010"
"Tulsa city, Oklahoma!!Estimate Margin of Error","±3,551",±789,±657,"±1,392","±2,501","±2,238","±1,498",±551,±14,±927,"2,010"
"Tulsa city, Oklahoma!!Percent","70,956",2.80%,2.80%,11.70%,41.20%,26.60%,11.50%,3.30%,(X),(X),"2,010"
"Tulsa city, Oklahoma!!Percent Margin of Error",(X),±1.1,±0.9,±1.9,±3.0,±2.7,±2.0,±0.7,(X),(X),"2,010"
"Portland city, Oregon!!Estimate","110,879","4,632","2,325","4,107","30,592","31,781","25,904","11,538",838,"3,552","2,010"
"Portland city, Oregon!!Estimate Margin of Error","±3,355","±1,248",±704,"±1,000","±2,677","±2,383","±2,181","±1,719",±18,"±1,025","2,010"
"Portland city, Oregon!!Percent","110,879",4.20%,2.10%,3.70%,27.60%,28.70%,23.40%,10.40%,(X),(X),"2,010"
"Portland city, Oregon!!Percent Margin of Error",(X),±1.1,±0.6,±0.9,±2.2,±1.9,±2.0,±1.5,(X),(X),"2,010"
"Philadelphia city, Pennsylvania!!Estimate","251,069","8,846","11,550","21,357","53,055","73,877","60,172","22,212",836,"13,060","2,010"
"Philadelphia city, Pennsylvania!!Estimate Margin of Error","±6,330","±1,637","±1,728","±2,745","±3,676","±4,787","±4,344","±2,174",±13,"±1,988","2,010"
"Philadelphia city, Pennsylvania!!Percent","251,069",3.50%,4.60%,8.50%,21.10%,29.40%,24.00%,8.80%,(X),(X),"2,010"
"Philadelphia city, Pennsylvania!!Percent Margin of Error",(X),±0.6,±0.7,±1.1,±1.4,±1.7,±1.6,±0.9,(X),(X),"2,010"
"Pittsburgh city, Pennsylvania!!Estimate","61,579","2,475","4,708","6,871","19,345","15,043","10,144","2,993",717,"1,556","2,010"
"Pittsburgh city, Pennsylvania!!Estimate Margin of Error","±3,039",±796,"±1,137","±1,381","±2,312","±1,975","±1,586",±971,±24,±501,"2,010"
"Pittsburgh city, Pennsylvania!!Percent","61,579",4.00%,7.60%,11.20%,31.40%,24.40%,16.50%,4.90%,(X),(X),"2,010"
"Pittsburgh city, Pennsylvania!!Percent Margin of Error",(X),±1.3,±1.9,±2.1,±3.2,±3.1,±2.5,±1.5,(X),(X),"2,010"
"Memphis city, Tennessee!!Estimate","112,112","2,238","2,344","8,873","36,752","37,564","20,879","3,462",781,"3,543","2,010"
"Memphis city, Tennessee!!Estimate Margin of Error","±4,150",±585,±665,"±1,780","±2,805","±3,400","±2,491","±1,228",±16,±963,"2,010"
"Memphis city, Tennessee!!Percent","112,112",2.00%,2.10%,7.90%,32.80%,33.50%,18.60%,3.10%,(X),(X),"2,010"
"Memphis city, Tennessee!!Percent Margin of Error",(X),±0.5,±0.6,±1.5,±2.2,±2.9,±2.1,±1.1,(X),(X),"2,010"
"Arlington city, Texas!!Estimate","55,112",248,579,"1,703","17,417","19,041","13,294","2,830",844,"1,531","2,010"
"Arlington city, Texas!!Estimate Margin of Error","±3,422",±232,±456,±780,"±2,472","±2,682","±2,016",±804,±26,±782,"2,010"
"Arlington city, Texas!!Percent","55,112",0.40%,1.10%,3.10%,31.60%,34.50%,24.10%,5.10%,(X),(X),"2,010"
"Arlington city, Texas!!Percent Margin of Error",(X),±0.4,±0.8,±1.4,±4.3,±4.0,±3.4,±1.4,(X),(X),"2,010"
"Austin city, Texas!!Estimate","174,616",601,"2,657","5,309","43,013","58,474","48,299","16,263",901,"2,946","2,010"
"Austin city, Texas!!Estimate Margin of Error","±4,368",±320,±879,"±1,331","±3,237","±4,190","±3,240","±2,321",±14,±933,"2,010"
"Austin city, Texas!!Percent","174,616",0.30%,1.50%,3.00%,24.60%,33.50%,27.70%,9.30%,(X),(X),"2,010"
"Austin city, Texas!!Percent Margin of Error",(X),±0.2,±0.5,±0.8,±1.7,±2.3,±1.8,±1.3,(X),(X),"2,010"
"Corpus Christi city, Texas!!Estimate","44,711","1,907","1,278","3,202","12,539","15,583","7,526","2,676",807,"1,978","2,010"
"Corpus Christi city, Texas!!Estimate Margin of Error","±3,408",±785,±471,±946,"±1,665","±2,245","±1,631","±1,036",±25,±769,"2,010"
"Corpus Christi city, Texas!!Percent","44,711",4.30%,2.90%,7.20%,28.00%,34.90%,16.80%,6.00%,(X),(X),"2,010"
"Corpus Christi city, Texas!!Percent Margin of Error",(X),±1.8,±1.1,±2.0,±3.4,±4.2,±3.3,±2.2,(X),(X),"2,010"
"Dallas city, Texas!!Estimate","246,557","3,635","3,106","14,252","87,457","74,387","47,855","15,865",789,"6,892","2,010"
"Dallas city, Texas!!Estimate Margin of Error","±6,192",±860,±880,"±2,167","±4,899","±4,038","±3,331","±1,916",±10,"±1,254","2,010"
"Dallas city, Texas!!Percent","246,557",1.50%,1.30%,5.80%,35.50%,30.20%,19.40%,6.40%,(X),(X),"2,010"
"Dallas city, Texas!!Percent Margin of Error",(X),±0.4,±0.4,±0.9,±1.7,±1.5,±1.3,±0.8,(X),(X),"2,010"
"El Paso city, Texas!!Estimate","80,424","4,010","3,016","14,280","27,106","18,434","11,302","2,276",676,"4,576","2,010"
"El Paso city, Texas!!Estimate Margin of Error","±3,846","±1,004",±843,"±1,996","±2,444","±2,235","±2,366","±1,137",±22,"±1,122","2,010"
"El Paso city, Texas!!Percent","80,424",5.00%,3.80%,17.80%,33.70%,22.90%,14.10%,2.80%,(X),(X),"2,010"
"El Paso city, Texas!!Percent Margin of Error",(X),±1.2,±1.1,±2.3,±3.0,±2.6,±2.6,±1.4,(X),(X),"2,010"
"Houston city, Texas!!Estimate","398,500","5,028","4,886","21,401","137,871","118,102","84,342","26,870",794,"11,435","2,010"
"Houston city, Texas!!Estimate Margin of Error","±6,716","±1,352","±1,221","±2,734","±6,432","±6,059","±4,278","±2,582",±8,"±1,927","2,010"
"Houston city, Texas!!Percent","398,500",1.30%,1.20%,5.40%,34.60%,29.60%,21.20%,6.70%,(X),(X),"2,010"
"Houston city, Texas!!Percent Margin of Error",(X),±0.3,±0.3,±0.7,±1.5,±1.3,±1.1,±0.7,(X),(X),"2,010"
"Plano city, Texas!!Estimate","32,921",131,86,573,"5,183","12,329","10,068","4,551",963,569,"2,010"
"Plano city, Texas!!Estimate Margin of Error","±2,802",±138,±72,±395,"±1,366","±1,999","±1,734","±1,076",±28,±357,"2,010"
"Plano city, Texas!!Percent","32,921",0.40%,0.30%,1.70%,15.70%,37.50%,30.60%,13.80%,(X),(X),"2,010"
"Plano city, Texas!!Percent Margin of Error",(X),±0.4,±0.2,±1.2,±3.9,±4.8,±5.1,±2.9,(X),(X),"2,010"
"San Antonio city, Texas!!Estimate","199,597","5,349","5,732","15,434","67,818","60,021","37,513","7,730",769,"7,822","2,010"
"San Antonio city, Texas!!Estimate Margin of Error","±4,800","±1,330","±1,327","±2,228","±4,489","±4,445","±3,439","±1,334",±15,"±1,404","2,010"
"San Antonio city, Texas!!Percent","199,597",2.70%,2.90%,7.70%,34.00%,30.10%,18.80%,3.90%,(X),(X),"2,010"
"San Antonio city, Texas!!Percent Margin of Error",(X),±0.7,±0.7,±1.1,±2.1,±2.0,±1.7,±0.7,(X),(X),"2,010"
"Virginia Beach city, Virginia!!Estimate","54,941",527,448,559,"1,655","12,352","27,122","12,278","1,200","1,410","2,010"
"Virginia Beach city, Virginia!!Estimate Margin of Error","±3,372",±401,±256,±374,±638,"±1,960","±2,779","±2,074",±36,±610,"2,010"
"Virginia Beach city, Virginia!!Percent","54,941",1.00%,0.80%,1.00%,3.00%,22.50%,49.40%,22.30%,(X),(X),"2,010"
"Virginia Beach city, Virginia!!Percent Margin of Error",(X),±0.7,±0.5,±0.7,±1.1,±3.3,±4.4,±3.3,(X),(X),"2,010"
"Seattle city, Washington!!Estimate","143,977","3,029","4,464","6,837","18,705","40,524","42,668","27,750",990,"3,335","2,010"
"Seattle city, Washington!!Estimate Margin of Error","±4,687",±988,"±1,130","±1,535","±2,227","±2,991","±3,321","±2,564",±21,±795,"2,010"
"Seattle city, Washington!!Percent","143,977",2.10%,3.10%,4.70%,13.00%,28.10%,29.60%,19.30%,(X),(X),"2,010"
"Seattle city, Washington!!Percent Margin of Error",(X),±0.7,±0.8,±1.1,±1.5,±1.8,±2.0,±1.7,(X),(X),"2,010"
"Milwaukee city, Wisconsin!!Estimate","123,553","2,189","3,893","12,677","45,361","35,810","20,366","3,257",738,"2,732","2,010"
"Milwaukee city, Wisconsin!!Estimate Margin of Error","±3,750",±745,±769,"±1,716","±3,404","±2,951","±2,451",±724,±13,±854,"2,010"
"Milwaukee city, Wisconsin!!Percent","123,553",1.80%,3.20%,10.30%,36.70%,29.00%,16.50%,2.60%,(X),(X),"2,010"
"Milwaukee city, Wisconsin!!Percent Margin of Error",(X),±0.6,±0.6,±1.4,±2.2,±2.3,±1.9,±0.6,(X),(X),"2,010"
