﻿Label (Grouping),    Occupied units paying rent (excluding units where GRAPI cannot be computed),    Less than 15.0 percent,    15.0 to 19.9 percent,    20.0 to 24.9 percent,    25.0 to 29.9 percent,    30.0 to 34.9 percent,    35.0 percent or more,    Not computed,Year
"Anchorage municipality, Alaska!!Estimate","37,643","4,060","5,155","5,093","4,812","3,208","15,315","3,332","2,010"
"Anchorage municipality, Alaska!!Estimate Margin of Error","±2,430","±1,174","±1,201","±1,170","±1,298","±1,173","±2,088","±1,008","2,010"
"Anchorage municipality, Alaska!!Percent","37,643",10.80%,13.70%,13.50%,12.80%,8.50%,40.70%,(X),"2,010"
"Anchorage municipality, Alaska!!Percent Margin of Error",(X),±2.9,±3.2,±3.0,±3.5,±3.0,±4.8,(X),"2,010"
"Mesa city, Arizona!!Estimate","57,953","4,643","7,506","8,307","7,830","5,174","24,493","4,211","2,010"
"Mesa city, Arizona!!Estimate Margin of Error","±3,823","±1,437","±1,652","±1,835","±1,734","±1,262","±2,926","±1,189","2,010"
"Mesa city, Arizona!!Percent","57,953",8.00%,13.00%,14.30%,13.50%,8.90%,42.30%,(X),"2,010"
"Mesa city, Arizona!!Percent Margin of Error",(X),±2.5,±2.8,±3.0,±3.0,±2.1,±3.8,(X),"2,010"
"Phoenix city, Arizona!!Estimate","207,509","21,527","22,537","24,352","23,142","21,106","94,845","18,741","2,010"
"Phoenix city, Arizona!!Estimate Margin of Error","±6,490","±2,891","±2,777","±3,107","±2,798","±2,444","±5,117","±2,589","2,010"
"Phoenix city, Arizona!!Percent","207,509",10.40%,10.90%,11.70%,11.20%,10.20%,45.70%,(X),"2,010"
"Phoenix city, Arizona!!Percent Margin of Error",(X),±1.3,±1.3,±1.4,±1.3,±1.1,±2.0,(X),"2,010"
"Tucson city, Arizona!!Estimate","90,514","8,438","10,032","10,743","10,932","7,129","43,240","5,372","2,010"
"Tucson city, Arizona!!Estimate Margin of Error","±4,308","±1,714","±1,889","±1,620","±2,028","±1,331","±3,521","±1,240","2,010"
"Tucson city, Arizona!!Percent","90,514",9.30%,11.10%,11.90%,12.10%,7.90%,47.80%,(X),"2,010"
"Tucson city, Arizona!!Percent Margin of Error",(X),±1.8,±2.0,±1.7,±2.3,±1.5,±3.1,(X),"2,010"
"Anaheim city, California!!Estimate","50,797","2,241","4,484","4,404","5,515","6,763","27,390","1,023","2,010"
"Anaheim city, California!!Estimate Margin of Error","±2,727",±875,"±1,089","±1,120","±1,149","±1,310","±2,630",±431,"2,010"
"Anaheim city, California!!Percent","50,797",4.40%,8.80%,8.70%,10.90%,13.30%,53.90%,(X),"2,010"
"Anaheim city, California!!Percent Margin of Error",(X),±1.7,±2.1,±2.2,±2.2,±2.6,±4.0,(X),"2,010"
"Bakersfield city, California!!Estimate","42,422","5,001","4,104","4,826","4,396","3,736","20,359","2,237","2,010"
"Bakersfield city, California!!Estimate Margin of Error","±2,672","±1,278",±977,"±1,248",±946,"±1,000","±2,507",±807,"2,010"
"Bakersfield city, California!!Percent","42,422",11.80%,9.70%,11.40%,10.40%,8.80%,48.00%,(X),"2,010"
"Bakersfield city, California!!Percent Margin of Error",(X),±2.9,±2.2,±2.9,±2.3,±2.3,±4.5,(X),"2,010"
"Fresno city, California!!Estimate","73,940","6,588","8,856","8,003","6,732","5,666","38,095","3,955","2,010"
"Fresno city, California!!Estimate Margin of Error","±3,154","±1,371","±1,459","±1,805","±1,384","±1,379","±2,365","±1,023","2,010"
"Fresno city, California!!Percent","73,940",8.90%,12.00%,10.80%,9.10%,7.70%,51.50%,(X),"2,010"
"Fresno city, California!!Percent Margin of Error",(X),±1.9,±1.8,±2.3,±1.8,±1.8,±2.7,(X),"2,010"
"Irvine city, California!!Estimate","34,418","3,502","5,042","5,061","4,194","4,528","12,091","3,591","2,010"
"Irvine city, California!!Estimate Margin of Error","±2,270","±1,109","±1,232","±1,400","±1,256",±985,"±1,621","±1,020","2,010"
"Irvine city, California!!Percent","34,418",10.20%,14.60%,14.70%,12.20%,13.20%,35.10%,(X),"2,010"
"Irvine city, California!!Percent Margin of Error",(X),±3.2,±3.5,±4.0,±3.4,±2.8,±4.2,(X),"2,010"
"Long Beach city, California!!Estimate","92,136","7,316","9,907","12,364","10,348","9,110","43,091","3,568","2,010"
"Long Beach city, California!!Estimate Margin of Error","±3,852","±1,600","±1,812","±2,070","±1,336","±1,475","±3,332",±932,"2,010"
"Long Beach city, California!!Percent","92,136",7.90%,10.80%,13.40%,11.20%,9.90%,46.80%,(X),"2,010"
"Long Beach city, California!!Percent Margin of Error",(X),±1.7,±1.9,±2.2,±1.4,±1.6,±2.7,(X),"2,010"
"Los Angeles city, California!!Estimate","776,653","62,189","76,857","78,251","86,509","68,827","404,020","40,578","2,010"
"Los Angeles city, California!!Estimate Margin of Error","±11,378","±4,363","±4,829","±4,326","±4,376","±4,263","±9,099","±3,593","2,010"
"Los Angeles city, California!!Percent","776,653",8.00%,9.90%,10.10%,11.10%,8.90%,52.00%,(X),"2,010"
"Los Angeles city, California!!Percent Margin of Error",(X),±0.5,±0.6,±0.5,±0.5,±0.5,±0.9,(X),"2,010"
"Oakland city, California!!Estimate","86,256","8,023","8,902","10,627","11,918","7,347","39,439","4,005","2,010"
"Oakland city, California!!Estimate Margin of Error","±3,621","±1,472","±1,648","±1,532","±1,637","±1,470","±2,659","±1,069","2,010"
"Oakland city, California!!Percent","86,256",9.30%,10.30%,12.30%,13.80%,8.50%,45.70%,(X),"2,010"
"Oakland city, California!!Percent Margin of Error",(X),±1.6,±1.8,±1.7,±1.9,±1.7,±2.6,(X),"2,010"
"Riverside city, California!!Estimate","35,982","2,850","3,283","4,708","2,424","2,571","20,146","1,745","2,010"
"Riverside city, California!!Estimate Margin of Error","±2,890","±1,016",±876,"±1,193",±804,±789,"±2,260",±706,"2,010"
"Riverside city, California!!Percent","35,982",7.90%,9.10%,13.10%,6.70%,7.10%,56.00%,(X),"2,010"
"Riverside city, California!!Percent Margin of Error",(X),±2.7,±2.4,±3.3,±2.2,±2.1,±3.8,(X),"2,010"
"Sacramento city, California!!Estimate","85,743","6,694","11,450","9,703","9,568","7,906","40,422","3,475","2,010"
"Sacramento city, California!!Estimate Margin of Error","±4,060","±1,341","±1,880","±1,741","±1,622","±1,511","±3,271",±873,"2,010"
"Sacramento city, California!!Percent","85,743",7.80%,13.40%,11.30%,11.20%,9.20%,47.10%,(X),"2,010"
"Sacramento city, California!!Percent Margin of Error",(X),±1.5,±2.0,±1.9,±1.9,±1.7,±3.1,(X),"2,010"
"San Diego city, California!!Estimate","232,740","18,803","25,740","29,650","25,735","23,834","108,978","12,021","2,010"
"San Diego city, California!!Estimate Margin of Error","±5,732","±2,360","±2,493","±2,533","±2,974","±2,422","±4,819","±2,246","2,010"
"San Diego city, California!!Percent","232,740",8.10%,11.10%,12.70%,11.10%,10.20%,46.80%,(X),"2,010"
"San Diego city, California!!Percent Margin of Error",(X),±1.0,±1.1,±1.0,±1.2,±1.0,±1.7,(X),"2,010"
"San Francisco city, California!!Estimate","202,384","34,312","26,271","25,127","23,166","19,603","73,905","10,500","2,010"
"San Francisco city, California!!Estimate Margin of Error","±6,019","±3,566","±2,309","±2,386","±3,016","±2,838","±4,674","±2,134","2,010"
"San Francisco city, California!!Percent","202,384",17.00%,13.00%,12.40%,11.40%,9.70%,36.50%,(X),"2,010"
"San Francisco city, California!!Percent Margin of Error",(X),±1.6,±1.1,±1.1,±1.5,±1.4,±1.9,(X),"2,010"
"San Jose city, California!!Estimate","120,057","12,424","14,839","14,619","14,046","11,553","52,576","4,300","2,010"
"San Jose city, California!!Estimate Margin of Error","±4,851","±1,712","±2,456","±2,011","±2,202","±1,918","±3,664","±1,056","2,010"
"San Jose city, California!!Percent","120,057",10.30%,12.40%,12.20%,11.70%,9.60%,43.80%,(X),"2,010"
"San Jose city, California!!Percent Margin of Error",(X),±1.3,±2.0,±1.6,±1.8,±1.6,±2.3,(X),"2,010"
"Santa Ana city, California!!Estimate","36,776","2,241","2,614","4,869","3,732","4,320","19,000",628,"2,010"
"Santa Ana city, California!!Estimate Margin of Error","±2,030",±717,±892,"±1,257",±955,"±1,243","±1,989",±435,"2,010"
"Santa Ana city, California!!Percent","36,776",6.10%,7.10%,13.20%,10.10%,11.70%,51.70%,(X),"2,010"
"Santa Ana city, California!!Percent Margin of Error",(X),±1.9,±2.4,±3.3,±2.7,±3.3,±4.5,(X),"2,010"
"Stockton city, California!!Estimate","41,649","3,930","3,657","4,329","5,197","3,086","21,450","1,772","2,010"
"Stockton city, California!!Estimate Margin of Error","±2,809","±1,173","±1,139","±1,048","±1,284",±853,"±1,816",±774,"2,010"
"Stockton city, California!!Percent","41,649",9.40%,8.80%,10.40%,12.50%,7.40%,51.50%,(X),"2,010"
"Stockton city, California!!Percent Margin of Error",(X),±2.7,±2.7,±2.5,±2.8,±2.0,±3.5,(X),"2,010"
"Aurora city, Colorado!!Estimate","44,457","3,860","4,434","4,489","6,371","4,056","21,247","2,366","2,010"
"Aurora city, Colorado!!Estimate Margin of Error","±2,421","±1,089","±1,220","±1,071","±1,299","±1,066","±2,286",±903,"2,010"
"Aurora city, Colorado!!Percent","44,457",8.70%,10.00%,10.10%,14.30%,9.10%,47.80%,(X),"2,010"
"Aurora city, Colorado!!Percent Margin of Error",(X),±2.4,±2.7,±2.4,±2.8,±2.4,±4.0,(X),"2,010"
"Colorado Springs city, Colorado!!Estimate","64,859","8,197","8,889","8,011","6,797","6,152","26,813","4,531","2,010"
"Colorado Springs city, Colorado!!Estimate Margin of Error","±2,999","±1,648","±1,639","±1,561","±1,429","±1,434","±2,538","±1,253","2,010"
"Colorado Springs city, Colorado!!Percent","64,859",12.60%,13.70%,12.40%,10.50%,9.50%,41.30%,(X),"2,010"
"Colorado Springs city, Colorado!!Percent Margin of Error",(X),±2.5,±2.5,±2.3,±2.0,±2.3,±3.6,(X),"2,010"
"Denver city, Colorado!!Estimate","124,664","15,038","15,246","14,792","15,459","10,220","53,909","5,639","2,010"
"Denver city, Colorado!!Estimate Margin of Error","±4,212","±2,056","±1,810","±2,440","±2,154","±1,815","±3,025","±1,277","2,010"
"Denver city, Colorado!!Percent","124,664",12.10%,12.20%,11.90%,12.40%,8.20%,43.20%,(X),"2,010"
"Denver city, Colorado!!Percent Margin of Error",(X),±1.6,±1.3,±1.9,±1.7,±1.4,±2.3,(X),"2,010"
"Washington city, District of Columbia!!Estimate","135,991","15,503","18,918","18,218","14,408","12,252","56,692","9,204","2,010"
"Washington city, District of Columbia!!Estimate Margin of Error","±5,021","±1,805","±2,211","±1,914","±2,046","±1,850","±3,866","±1,514","2,010"
"Washington city, District of Columbia!!Percent","135,991",11.40%,13.90%,13.40%,10.60%,9.00%,41.70%,(X),"2,010"
"Washington city, District of Columbia!!Percent Margin of Error",(X),±1.3,±1.5,±1.3,±1.4,±1.3,±2.4,(X),"2,010"
"Jacksonville city, Florida!!Estimate","108,699","7,242","13,214","14,906","13,638","8,580","51,119","8,520","2,010"
"Jacksonville city, Florida!!Estimate Margin of Error","±5,702","±1,584","±2,208","±2,341","±2,292","±1,656","±4,432","±1,655","2,010"
"Jacksonville city, Florida!!Percent","108,699",6.70%,12.20%,13.70%,12.50%,7.90%,47.00%,(X),"2,010"
"Jacksonville city, Florida!!Percent Margin of Error",(X),±1.5,±1.8,±2.0,±2.1,±1.5,±3.1,(X),"2,010"
"Miami city, Florida!!Estimate","92,628","4,558","6,402","9,612","9,121","8,475","54,460","5,216","2,010"
"Miami city, Florida!!Estimate Margin of Error","±4,159","±1,167","±1,605","±1,371","±1,733","±1,648","±3,480","±1,290","2,010"
"Miami city, Florida!!Percent","92,628",4.90%,6.90%,10.40%,9.80%,9.10%,58.80%,(X),"2,010"
"Miami city, Florida!!Percent Margin of Error",(X),±1.2,±1.7,±1.4,±1.8,±1.7,±3.0,(X),"2,010"
"Orlando city, Florida!!Estimate","56,394","3,099","4,998","6,329","6,080","7,049","28,839","1,790","2,010"
"Orlando city, Florida!!Estimate Margin of Error","±3,455","±1,012","±1,308","±1,422","±1,218","±1,724","±2,837",±678,"2,010"
"Orlando city, Florida!!Percent","56,394",5.50%,8.90%,11.20%,10.80%,12.50%,51.10%,(X),"2,010"
"Orlando city, Florida!!Percent Margin of Error",(X),±1.7,±2.3,±2.4,±2.1,±3.0,±3.9,(X),"2,010"
"Tampa city, Florida!!Estimate","60,639","5,696","6,382","7,334","6,349","6,081","28,797","4,698","2,010"
"Tampa city, Florida!!Estimate Margin of Error","±3,495","±1,359","±1,531","±1,508","±1,322","±1,239","±2,635","±1,077","2,010"
"Tampa city, Florida!!Percent","60,639",9.40%,10.50%,12.10%,10.50%,10.00%,47.50%,(X),"2,010"
"Tampa city, Florida!!Percent Margin of Error",(X),±2.2,±2.5,±2.4,±2.1,±1.9,±3.5,(X),"2,010"
"Atlanta city, Georgia!!Estimate","88,790","10,841","9,203","10,361","10,619","7,393","40,373","6,952","2,010"
"Atlanta city, Georgia!!Estimate Margin of Error","±3,695","±1,766","±1,914","±1,548","±1,446","±1,754","±2,992","±1,663","2,010"
"Atlanta city, Georgia!!Percent","88,790",12.20%,10.40%,11.70%,12.00%,8.30%,45.50%,(X),"2,010"
"Atlanta city, Georgia!!Percent Margin of Error",(X),±2.0,±2.1,±1.8,±1.6,±1.9,±2.6,(X),"2,010"
"Chicago city, Illinois!!Estimate","514,497","51,608","62,457","63,040","54,909","44,386","238,097","34,831","2,010"
"Chicago city, Illinois!!Estimate Margin of Error","±8,492","±3,454","±3,812","±3,896","±3,451","±3,517","±6,749","±2,954","2,010"
"Chicago city, Illinois!!Percent","514,497",10.00%,12.10%,12.30%,10.70%,8.60%,46.30%,(X),"2,010"
"Chicago city, Illinois!!Percent Margin of Error",(X),±0.7,±0.7,±0.7,±0.6,±0.7,±1.1,(X),"2,010"
"Indianapolis city (balance), Indiana!!Estimate","128,885","11,043","11,640","17,995","14,588","12,090","61,529","10,483","2,010"
"Indianapolis city (balance), Indiana!!Estimate Margin of Error","±4,410","±1,634","±2,004","±2,295","±1,805","±1,847","±4,424","±1,508","2,010"
"Indianapolis city (balance), Indiana!!Percent","128,885",8.60%,9.00%,14.00%,11.30%,9.40%,47.70%,(X),"2,010"
"Indianapolis city (balance), Indiana!!Percent Margin of Error",(X),±1.3,±1.5,±1.7,±1.4,±1.4,±2.9,(X),"2,010"
"Wichita city, Kansas!!Estimate","54,485","6,525","6,197","8,764","4,935","5,993","22,071","2,866","2,010"
"Wichita city, Kansas!!Estimate Margin of Error","±3,147","±1,241","±1,267","±1,748","±1,092","±1,242","±2,262",±939,"2,010"
"Wichita city, Kansas!!Percent","54,485",12.00%,11.40%,16.10%,9.10%,11.00%,40.50%,(X),"2,010"
"Wichita city, Kansas!!Percent Margin of Error",(X),±2.2,±2.3,±3.0,±2.0,±2.1,±3.6,(X),"2,010"
"New Orleans city, Louisiana!!Estimate","64,676","5,998","5,800","7,196","6,636","5,539","33,507","5,960","2,010"
"New Orleans city, Louisiana!!Estimate Margin of Error","±3,688","±1,138","±1,209","±1,231","±1,420","±1,188","±3,429","±1,276","2,010"
"New Orleans city, Louisiana!!Percent","64,676",9.30%,9.00%,11.10%,10.30%,8.60%,51.80%,(X),"2,010"
"New Orleans city, Louisiana!!Percent Margin of Error",(X),±1.7,±1.9,±1.8,±2.1,±1.9,±3.9,(X),"2,010"
"Baltimore city, Maryland!!Estimate","120,807","10,734","12,185","13,583","18,326","11,829","54,150","7,855","2,010"
"Baltimore city, Maryland!!Estimate Margin of Error","±5,072","±1,665","±1,968","±1,993","±2,592","±1,957","±3,684","±1,609","2,010"
"Baltimore city, Maryland!!Percent","120,807",8.90%,10.10%,11.20%,15.20%,9.80%,44.80%,(X),"2,010"
"Baltimore city, Maryland!!Percent Margin of Error",(X),±1.4,±1.6,±1.6,±2.0,±1.5,±2.6,(X),"2,010"
"Boston city, Massachusetts!!Estimate","157,772","17,910","18,184","16,937","22,884","16,283","65,574","12,179","2,010"
"Boston city, Massachusetts!!Estimate Margin of Error","±5,351","±2,116","±2,141","±2,537","±2,555","±2,073","±3,991","±2,032","2,010"
"Boston city, Massachusetts!!Percent","157,772",11.40%,11.50%,10.70%,14.50%,10.30%,41.60%,(X),"2,010"
"Boston city, Massachusetts!!Percent Margin of Error",(X),±1.3,±1.4,±1.5,±1.5,±1.3,±1.8,(X),"2,010"
"Detroit city, Michigan!!Estimate","103,277","8,066","6,062","7,661","9,447","8,377","63,664","16,060","2,010"
"Detroit city, Michigan!!Estimate Margin of Error","±4,533","±1,547","±1,390","±1,345","±1,525","±1,495","±3,504","±2,049","2,010"
"Detroit city, Michigan!!Percent","103,277",7.80%,5.90%,7.40%,9.10%,8.10%,61.60%,(X),"2,010"
"Detroit city, Michigan!!Percent Margin of Error",(X),±1.4,±1.3,±1.3,±1.4,±1.4,±2.7,(X),"2,010"
"Minneapolis city, Minnesota!!Estimate","79,195","8,507","9,126","10,786","8,920","9,004","32,852","4,315","2,010"
"Minneapolis city, Minnesota!!Estimate Margin of Error","±3,408","±1,706","±1,422","±1,877","±1,376","±1,476","±2,269","±1,209","2,010"
"Minneapolis city, Minnesota!!Percent","79,195",10.70%,11.50%,13.60%,11.30%,11.40%,41.50%,(X),"2,010"
"Minneapolis city, Minnesota!!Percent Margin of Error",(X),±2.1,±1.7,±2.2,±1.7,±1.8,±2.8,(X),"2,010"
"St. Paul city, Minnesota!!Estimate","51,799","4,499","6,109","5,777","6,386","5,975","23,053","1,772","2,010"
"St. Paul city, Minnesota!!Estimate Margin of Error","±2,425","±1,115","±1,095","±1,113","±1,246","±1,213","±2,190",±778,"2,010"
"St. Paul city, Minnesota!!Percent","51,799",8.70%,11.80%,11.20%,12.30%,11.50%,44.50%,(X),"2,010"
"St. Paul city, Minnesota!!Percent Margin of Error",(X),±2.1,±2.0,±2.0,±2.4,±2.3,±3.6,(X),"2,010"
"Lincoln city, Nebraska!!Estimate","42,873","4,478","7,443","6,169","4,054","3,093","17,636","2,176","2,010"
"Lincoln city, Nebraska!!Estimate Margin of Error","±2,391","±1,044","±1,478","±1,524",±977,±956,"±2,342",±837,"2,010"
"Lincoln city, Nebraska!!Percent","42,873",10.40%,17.40%,14.40%,9.50%,7.20%,41.10%,(X),"2,010"
"Lincoln city, Nebraska!!Percent Margin of Error",(X),±2.4,±3.1,±3.6,±2.3,±2.2,±4.7,(X),"2,010"
"Omaha city, Nebraska!!Estimate","64,714","6,903","8,782","7,734","8,929","6,100","26,266","3,113","2,010"
"Omaha city, Nebraska!!Estimate Margin of Error","±2,857","±1,327","±1,592","±1,402","±1,554","±1,146","±1,999",±678,"2,010"
"Omaha city, Nebraska!!Percent","64,714",10.70%,13.60%,12.00%,13.80%,9.40%,40.60%,(X),"2,010"
"Omaha city, Nebraska!!Percent Margin of Error",(X),±2.0,±2.3,±2.1,±2.3,±1.7,±2.7,(X),"2,010"
"Henderson city, Nevada!!Estimate","33,524","3,819","3,929","5,753","3,906","2,522","13,595","1,742","2,010"
"Henderson city, Nevada!!Estimate Margin of Error","±2,328",±905,"±1,124","±1,280","±1,009",±933,"±2,089",±886,"2,010"
"Henderson city, Nevada!!Percent","33,524",11.40%,11.70%,17.20%,11.70%,7.50%,40.60%,(X),"2,010"
"Henderson city, Nevada!!Percent Margin of Error",(X),±2.6,±3.2,±3.9,±3.0,±2.7,±5.0,(X),"2,010"
"Las Vegas city, Nevada!!Estimate","92,650","7,696","10,430","14,628","10,054","10,336","39,506","4,326","2,010"
"Las Vegas city, Nevada!!Estimate Margin of Error","±4,421","±1,520","±1,662","±2,229","±1,984","±1,927","±3,433","±1,189","2,010"
"Las Vegas city, Nevada!!Percent","92,650",8.30%,11.30%,15.80%,10.90%,11.20%,42.60%,(X),"2,010"
"Las Vegas city, Nevada!!Percent Margin of Error",(X),±1.7,±1.7,±2.5,±2.0,±1.9,±2.8,(X),"2,010"
"Jersey City city, New Jersey!!Estimate","61,337","8,768","7,463","8,934","5,820","5,376","24,976","2,568","2,010"
"Jersey City city, New Jersey!!Estimate Margin of Error","±2,930","±1,569","±1,266","±1,395","±1,436","±1,319","±2,549",±947,"2,010"
"Jersey City city, New Jersey!!Percent","61,337",14.30%,12.20%,14.60%,9.50%,8.80%,40.70%,(X),"2,010"
"Jersey City city, New Jersey!!Percent Margin of Error",(X),±2.3,±2.1,±2.1,±2.2,±2.2,±3.7,(X),"2,010"
"Newark city, New Jersey!!Estimate","66,850","6,769","6,694","7,319","7,251","6,977","31,840","2,869","2,010"
"Newark city, New Jersey!!Estimate Margin of Error","±3,096","±1,332","±1,324","±1,266","±1,366","±1,419","±2,484",±886,"2,010"
"Newark city, New Jersey!!Percent","66,850",10.10%,10.00%,10.90%,10.80%,10.40%,47.60%,(X),"2,010"
"Newark city, New Jersey!!Percent Margin of Error",(X),±2.1,±1.9,±1.8,±1.9,±2.0,±2.9,(X),"2,010"
"Albuquerque city, New Mexico!!Estimate","82,871","10,626","10,519","10,223","11,029","7,891","32,583","7,129","2,010"
"Albuquerque city, New Mexico!!Estimate Margin of Error","±3,706","±1,870","±1,447","±1,899","±1,864","±1,563","±2,675","±1,689","2,010"
"Albuquerque city, New Mexico!!Percent","82,871",12.80%,12.70%,12.30%,13.30%,9.50%,39.30%,(X),"2,010"
"Albuquerque city, New Mexico!!Percent Margin of Error",(X),±2.1,±1.6,±2.3,±2.1,±1.8,±3.0,(X),"2,010"
"New York city, New York!!Estimate","1,961,455","258,572","215,250","231,437","206,220","185,093","864,883","101,718","2,010"
"New York city, New York!!Estimate Margin of Error","±13,458","±7,859","±6,834","±7,909","±7,783","±6,449","±14,479","±5,077","2,010"
"New York city, New York!!Percent","1,961,455",13.20%,11.00%,11.80%,10.50%,9.40%,44.10%,(X),"2,010"
"New York city, New York!!Percent Margin of Error",(X),±0.4,±0.3,±0.4,±0.4,±0.3,±0.7,(X),"2,010"
"Greensboro city, North Carolina!!Estimate","48,259","6,055","4,676","6,340","6,389","4,611","20,188","2,623","2,010"
"Greensboro city, North Carolina!!Estimate Margin of Error","±3,248","±1,626","±1,291","±1,466","±1,569","±1,331","±2,469",±797,"2,010"
"Greensboro city, North Carolina!!Percent","48,259",12.50%,9.70%,13.10%,13.20%,9.60%,41.80%,(X),"2,010"
"Greensboro city, North Carolina!!Percent Margin of Error",(X),±3.4,±2.5,±2.8,±3.1,±2.9,±4.1,(X),"2,010"
"Cincinnati city, Ohio!!Estimate","67,287","9,068","7,065","7,812","6,533","4,776","32,033","5,428","2,010"
"Cincinnati city, Ohio!!Estimate Margin of Error","±3,636","±1,511","±1,381","±1,559","±1,448",±953,"±2,565","±1,175","2,010"
"Cincinnati city, Ohio!!Percent","67,287",13.50%,10.50%,11.60%,9.70%,7.10%,47.60%,(X),"2,010"
"Cincinnati city, Ohio!!Percent Margin of Error",(X),±2.2,±2.0,±2.2,±2.0,±1.4,±3.1,(X),"2,010"
"Cleveland city, Ohio!!Estimate","80,260","8,714","7,485","7,193","9,459","5,593","41,816","7,268","2,010"
"Cleveland city, Ohio!!Estimate Margin of Error","±3,367","±1,447","±1,503","±1,147","±1,585","±1,301","±2,569","±1,390","2,010"
"Cleveland city, Ohio!!Percent","80,260",10.90%,9.30%,9.00%,11.80%,7.00%,52.10%,(X),"2,010"
"Cleveland city, Ohio!!Percent Margin of Error",(X),±1.7,±1.8,±1.4,±1.9,±1.5,±2.8,(X),"2,010"
"Columbus city, Ohio!!Estimate","160,372","18,157","22,102","19,294","16,258","16,388","68,173","7,593","2,010"
"Columbus city, Ohio!!Estimate Margin of Error","±5,496","±2,492","±2,592","±2,632","±1,963","±1,800","±4,287","±1,414","2,010"
"Columbus city, Ohio!!Percent","160,372",11.30%,13.80%,12.00%,10.10%,10.20%,42.50%,(X),"2,010"
"Columbus city, Ohio!!Percent Margin of Error",(X),±1.5,±1.6,±1.5,±1.2,±1.1,±2.0,(X),"2,010"
"Tulsa city, Oklahoma!!Estimate","69,589","8,262","8,329","9,311","8,613","7,152","27,922","4,712","2,010"
"Tulsa city, Oklahoma!!Estimate Margin of Error","±3,610","±1,580","±1,524","±1,707","±1,456","±1,642","±2,952","±1,103","2,010"
"Tulsa city, Oklahoma!!Percent","69,589",11.90%,12.00%,13.40%,12.40%,10.30%,40.10%,(X),"2,010"
"Tulsa city, Oklahoma!!Percent Margin of Error",(X),±2.3,±2.1,±2.3,±2.0,±2.3,±3.4,(X),"2,010"
"Portland city, Oregon!!Estimate","108,081","9,625","13,240","12,756","12,801","8,524","51,135","6,350","2,010"
"Portland city, Oregon!!Estimate Margin of Error","±3,478","±1,604","±1,966","±1,852","±1,674","±1,476","±3,419","±1,548","2,010"
"Portland city, Oregon!!Percent","108,081",8.90%,12.30%,11.80%,11.80%,7.90%,47.30%,(X),"2,010"
"Portland city, Oregon!!Percent Margin of Error",(X),±1.5,±1.9,±1.7,±1.5,±1.3,±2.5,(X),"2,010"
"Philadelphia city, Pennsylvania!!Estimate","238,432","20,374","26,471","25,494","25,721","20,434","119,938","25,697","2,010"
"Philadelphia city, Pennsylvania!!Estimate Margin of Error","±6,795","±2,141","±3,191","±3,409","±2,913","±2,843","±6,357","±2,720","2,010"
"Philadelphia city, Pennsylvania!!Percent","238,432",8.50%,11.10%,10.70%,10.80%,8.60%,50.30%,(X),"2,010"
"Philadelphia city, Pennsylvania!!Percent Margin of Error",(X),±0.9,±1.2,±1.4,±1.3,±1.1,±2.1,(X),"2,010"
"Pittsburgh city, Pennsylvania!!Estimate","59,372","7,564","7,305","6,394","6,513","5,403","26,193","3,763","2,010"
"Pittsburgh city, Pennsylvania!!Estimate Margin of Error","±2,937","±1,262","±1,561","±1,144","±1,449","±1,011","±2,443",±915,"2,010"
"Pittsburgh city, Pennsylvania!!Percent","59,372",12.70%,12.30%,10.80%,11.00%,9.10%,44.10%,(X),"2,010"
"Pittsburgh city, Pennsylvania!!Percent Margin of Error",(X),±2.1,±2.6,±1.9,±2.3,±1.7,±3.3,(X),"2,010"
"Memphis city, Tennessee!!Estimate","108,382","9,567","10,779","12,500","11,904","8,976","54,656","7,273","2,010"
"Memphis city, Tennessee!!Estimate Margin of Error","±4,208","±1,629","±1,890","±1,978","±1,627","±1,695","±3,936","±1,571","2,010"
"Memphis city, Tennessee!!Percent","108,382",8.80%,9.90%,11.50%,11.00%,8.30%,50.40%,(X),"2,010"
"Memphis city, Tennessee!!Percent Margin of Error",(X),±1.5,±1.7,±1.8,±1.6,±1.5,±2.7,(X),"2,010"
"Arlington city, Texas!!Estimate","54,236","3,627","7,475","7,843","4,529","4,273","26,489","2,407","2,010"
"Arlington city, Texas!!Estimate Margin of Error","±3,508","±1,134","±1,679","±1,342","±1,365","±1,242","±2,835","±1,014","2,010"
"Arlington city, Texas!!Percent","54,236",6.70%,13.80%,14.50%,8.40%,7.90%,48.80%,(X),"2,010"
"Arlington city, Texas!!Percent Margin of Error",(X),±2.0,±2.9,±2.7,±2.4,±2.2,±4.0,(X),"2,010"
"Austin city, Texas!!Estimate","171,385","17,000","21,167","19,627","19,890","16,807","76,894","6,177","2,010"
"Austin city, Texas!!Estimate Margin of Error","±4,235","±1,961","±2,341","±2,184","±2,032","±2,285","±3,946","±1,263","2,010"
"Austin city, Texas!!Percent","171,385",9.90%,12.40%,11.50%,11.60%,9.80%,44.90%,(X),"2,010"
"Austin city, Texas!!Percent Margin of Error",(X),±1.1,±1.3,±1.2,±1.2,±1.3,±2.1,(X),"2,010"
"Corpus Christi city, Texas!!Estimate","43,726","4,947","4,770","4,789","5,632","3,782","19,806","2,963","2,010"
"Corpus Christi city, Texas!!Estimate Margin of Error","±3,404","±1,298","±1,553","±1,237","±1,277","±1,114","±2,379",±924,"2,010"
"Corpus Christi city, Texas!!Percent","43,726",11.30%,10.90%,11.00%,12.90%,8.60%,45.30%,(X),"2,010"
"Corpus Christi city, Texas!!Percent Margin of Error",(X),±2.6,±3.4,±2.7,±2.9,±2.5,±4.5,(X),"2,010"
"Dallas city, Texas!!Estimate","239,411","28,920","31,314","33,331","27,797","20,596","97,453","14,038","2,010"
"Dallas city, Texas!!Estimate Margin of Error","±6,228","±3,047","±2,963","±2,750","±2,888","±2,936","±5,258","±1,876","2,010"
"Dallas city, Texas!!Percent","239,411",12.10%,13.10%,13.90%,11.60%,8.60%,40.70%,(X),"2,010"
"Dallas city, Texas!!Percent Margin of Error",(X),±1.2,±1.2,±1.1,±1.1,±1.2,±1.9,(X),"2,010"
"El Paso city, Texas!!Estimate","78,217","9,585","10,108","8,568","9,873","10,511","29,572","6,783","2,010"
"El Paso city, Texas!!Estimate Margin of Error","±4,163","±1,786","±1,915","±1,540","±1,615","±1,550","±3,287","±1,450","2,010"
"El Paso city, Texas!!Percent","78,217",12.30%,12.90%,11.00%,12.60%,13.40%,37.80%,(X),"2,010"
"El Paso city, Texas!!Percent Margin of Error",(X),±2.2,±2.3,±2.0,±1.9,±1.9,±3.5,(X),"2,010"
"Houston city, Texas!!Estimate","389,597","54,319","52,878","48,795","40,060","30,419","163,126","20,338","2,010"
"Houston city, Texas!!Estimate Margin of Error","±6,631","±4,375","±4,532","±4,112","±3,643","±3,639","±7,513","±2,687","2,010"
"Houston city, Texas!!Percent","389,597",13.90%,13.60%,12.50%,10.30%,7.80%,41.90%,(X),"2,010"
"Houston city, Texas!!Percent Margin of Error",(X),±1.1,±1.2,±1.1,±0.9,±0.9,±1.8,(X),"2,010"
"Plano city, Texas!!Estimate","32,338","5,875","5,023","4,471","3,132","2,078","11,759","1,152","2,010"
"Plano city, Texas!!Estimate Margin of Error","±2,770","±1,220","±1,479","±1,071",±960,±969,"±1,804",±480,"2,010"
"Plano city, Texas!!Percent","32,338",18.20%,15.50%,13.80%,9.70%,6.40%,36.40%,(X),"2,010"
"Plano city, Texas!!Percent Margin of Error",(X),±3.7,±4.1,±3.2,±2.9,±2.9,±4.7,(X),"2,010"
"San Antonio city, Texas!!Estimate","192,725","25,066","24,633","27,386","21,754","19,002","74,884","14,694","2,010"
"San Antonio city, Texas!!Estimate Margin of Error","±4,626","±2,685","±2,766","±2,658","±2,645","±2,645","±4,550","±2,052","2,010"
"San Antonio city, Texas!!Percent","192,725",13.00%,12.80%,14.20%,11.30%,9.90%,38.90%,(X),"2,010"
"San Antonio city, Texas!!Percent Margin of Error",(X),±1.4,±1.4,±1.4,±1.3,±1.3,±2.0,(X),"2,010"
"Virginia Beach city, Virginia!!Estimate","53,503","4,186","6,108","8,018","6,567","7,385","21,239","2,848","2,010"
"Virginia Beach city, Virginia!!Estimate Margin of Error","±3,276","±1,008","±1,288","±1,436","±1,267","±1,566","±2,350",±936,"2,010"
"Virginia Beach city, Virginia!!Percent","53,503",7.80%,11.40%,15.00%,12.30%,13.80%,39.70%,(X),"2,010"
"Virginia Beach city, Virginia!!Percent Margin of Error",(X),±1.8,±2.3,±2.6,±2.1,±2.8,±3.7,(X),"2,010"
"Seattle city, Washington!!Estimate","140,358","17,646","18,773","18,745","16,892","15,077","53,225","6,954","2,010"
"Seattle city, Washington!!Estimate Margin of Error","±4,600","±2,368","±2,416","±2,178","±2,040","±2,141","±3,482","±1,470","2,010"
"Seattle city, Washington!!Percent","140,358",12.60%,13.40%,13.40%,12.00%,10.70%,37.90%,(X),"2,010"
"Seattle city, Washington!!Percent Margin of Error",(X),±1.7,±1.6,±1.6,±1.4,±1.4,±2.2,(X),"2,010"
"Milwaukee city, Wisconsin!!Estimate","120,789","10,889","11,425","15,295","12,202","9,704","61,274","5,496","2,010"
"Milwaukee city, Wisconsin!!Estimate Margin of Error","±3,774","±1,442","±1,725","±2,015","±1,699","±1,832","±3,852","±1,258","2,010"
"Milwaukee city, Wisconsin!!Percent","120,789",9.00%,9.50%,12.70%,10.10%,8.00%,50.70%,(X),"2,010"
"Milwaukee city, Wisconsin!!Percent Margin of Error",(X),±1.2,±1.4,±1.6,±1.4,±1.5,±2.6,(X),"2,010"
