﻿Label (Grouping),    Total housing units,    Occupied housing units,    Vacant housing units,    Homeowner vacancy rate,    Rental vacancy rate,Year
"Anchorage municipality, Alaska!!Estimate","113,111","104,993","8,118",1.4,2.7,2010
"Anchorage municipality, Alaska!!Estimate Margin of Error","±1,046","±2,002","±1,747",±0.9,±1.4,2010
"Anchorage municipality, Alaska!!Percent","113,111",92.80%,7.20%,(X),(X),2010
"Anchorage municipality, Alaska!!Percent Margin of Error",(X),±1.5,±1.5,(X),(X),2010
"Mesa city, Arizona!!Estimate","197,039","162,691","34,348",5.4,13.8,2010
"Mesa city, Arizona!!Estimate Margin of Error","±5,268","±4,466","±3,270",±1.7,±2.4,2010
"Mesa city, Arizona!!Percent","197,039",82.60%,17.40%,(X),(X),2010
"Mesa city, Arizona!!Percent Margin of Error",(X),±1.5,±1.5,(X),(X),2010
"Phoenix city, Arizona!!Estimate","601,370","511,432","89,938",4.6,13.2,2010
"Phoenix city, Arizona!!Estimate Margin of Error","±7,751","±7,172","±5,280",±0.7,±1.3,2010
"Phoenix city, Arizona!!Percent","601,370",85.00%,15.00%,(X),(X),2010
"Phoenix city, Arizona!!Percent Margin of Error",(X),±0.8,±0.8,(X),(X),2010
"Tucson city, Arizona!!Estimate","230,047","201,761","28,286",2.1,10.8,2010
"Tucson city, Arizona!!Estimate Margin of Error","±4,064","±4,584","±3,011",±0.9,±1.8,2010
"Tucson city, Arizona!!Percent","230,047",87.70%,12.30%,(X),(X),2010
"Tucson city, Arizona!!Percent Margin of Error",(X),±1.3,±1.3,(X),(X),2010
"Anaheim city, California!!Estimate","107,363","100,404","6,959",1.2,6.8,2010
"Anaheim city, California!!Estimate Margin of Error","±3,666","±3,112","±1,693",±0.8,±2.1,2010
"Anaheim city, California!!Percent","107,363",93.50%,6.50%,(X),(X),2010
"Anaheim city, California!!Percent Margin of Error",(X),±1.5,±1.5,(X),(X),2010
"Bakersfield city, California!!Estimate","118,727","109,420","9,307",2.5,6.1,2010
"Bakersfield city, California!!Estimate Margin of Error","±3,473","±3,039","±1,853",±1.1,±2.3,2010
"Bakersfield city, California!!Percent","118,727",92.20%,7.80%,(X),(X),2010
"Bakersfield city, California!!Percent Margin of Error",(X),±1.5,±1.5,(X),(X),2010
"Fresno city, California!!Estimate","169,426","152,890","16,536",2.8,9.3,2010
"Fresno city, California!!Estimate Margin of Error","±3,450","±3,242","±2,335",±1.2,±2.1,2010
"Fresno city, California!!Percent","169,426",90.20%,9.80%,(X),(X),2010
"Fresno city, California!!Percent Margin of Error",(X),±1.3,±1.3,(X),(X),2010
"Irvine city, California!!Estimate","81,468","76,172","5,296",3.4,5,2010
"Irvine city, California!!Estimate Margin of Error","±2,980","±2,460","±1,494",±1.8,±2.0,2010
"Irvine city, California!!Percent","81,468",93.50%,6.50%,(X),(X),2010
"Irvine city, California!!Percent Margin of Error",(X),±1.7,±1.7,(X),(X),2010
"Long Beach city, California!!Estimate","174,236","158,386","15,850",2.7,7.3,2010
"Long Beach city, California!!Estimate Margin of Error","±4,764","±4,102","±2,074",±1.0,±1.4,2010
"Long Beach city, California!!Percent","174,236",90.90%,9.10%,(X),(X),2010
"Long Beach city, California!!Percent Margin of Error",(X),±1.1,±1.1,(X),(X),2010
"Los Angeles city, California!!Estimate","1,421,938","1,310,259","111,679",2.2,5.5,2010
"Los Angeles city, California!!Estimate Margin of Error","±10,327","±9,520","±4,939",±0.4,±0.4,2010
"Los Angeles city, California!!Percent","1,421,938",92.10%,7.90%,(X),(X),2010
"Los Angeles city, California!!Percent Margin of Error",(X),±0.3,±0.3,(X),(X),2010
"Oakland city, California!!Estimate","172,774","151,808","20,966",3.2,7.7,2010
"Oakland city, California!!Estimate Margin of Error","±3,879","±3,746","±2,123",±1.2,±1.2,2010
"Oakland city, California!!Percent","172,774",87.90%,12.10%,(X),(X),2010
"Oakland city, California!!Percent Margin of Error",(X),±1.2,±1.2,(X),(X),2010
"Riverside city, California!!Estimate","97,695","87,752","9,943",2.5,10,2010
"Riverside city, California!!Estimate Margin of Error","±4,133","±3,694","±2,018",±1.5,±2.9,2010
"Riverside city, California!!Percent","97,695",89.80%,10.20%,(X),(X),2010
"Riverside city, California!!Percent Margin of Error",(X),±1.9,±1.9,(X),(X),2010
"Sacramento city, California!!Estimate","192,372","176,168","16,204",2.6,6.8,2010
"Sacramento city, California!!Estimate Margin of Error","±4,968","±5,046","±2,462",±1.0,±1.5,2010
"Sacramento city, California!!Percent","192,372",91.60%,8.40%,(X),(X),2010
"Sacramento city, California!!Percent Margin of Error",(X),±1.3,±1.3,(X),(X),2010
"San Diego city, California!!Estimate","514,366","469,635","44,731",2.7,5.1,2010
"San Diego city, California!!Estimate Margin of Error","±6,961","±6,664","±3,432",±0.7,±0.9,2010
"San Diego city, California!!Percent","514,366",91.30%,8.70%,(X),(X),2010
"San Diego city, California!!Percent Margin of Error",(X),±0.6,±0.6,(X),(X),2010
"San Francisco city, California!!Estimate","376,777","336,012","40,765",1.3,4.4,2010
"San Francisco city, California!!Estimate Margin of Error","±1,401","±4,358","±3,739",±0.6,±1.0,2010
"San Francisco city, California!!Percent","376,777",89.20%,10.80%,(X),(X),2010
"San Francisco city, California!!Percent Margin of Error",(X),±1.0,±1.0,(X),(X),2010
"San Jose city, California!!Estimate","312,541","297,637","14,904",1.7,3.4,2010
"San Jose city, California!!Estimate Margin of Error","±4,703","±4,429","±2,090",±0.7,±1.0,2010
"San Jose city, California!!Percent","312,541",95.20%,4.80%,(X),(X),2010
"San Jose city, California!!Percent Margin of Error",(X),±0.6,±0.6,(X),(X),2010
"Santa Ana city, California!!Estimate","74,972","71,288","3,684",1,4.9,2010
"Santa Ana city, California!!Estimate Margin of Error","±2,694","±2,600",±940,±0.9,±1.8,2010
"Santa Ana city, California!!Percent","74,972",95.10%,4.90%,(X),(X),2010
"Santa Ana city, California!!Percent Margin of Error",(X),±1.2,±1.2,(X),(X),2010
"Stockton city, California!!Estimate","100,835","91,200","9,635",2.2,7.1,2010
"Stockton city, California!!Estimate Margin of Error","±2,732","±2,669","±1,928",±1.3,±2.0,2010
"Stockton city, California!!Percent","100,835",90.40%,9.60%,(X),(X),2010
"Stockton city, California!!Percent Margin of Error",(X),±1.8,±1.8,(X),(X),2010
"Aurora city, Colorado!!Estimate","128,354","119,559","8,795",2,9.1,2010
"Aurora city, Colorado!!Estimate Margin of Error","±2,849","±3,177","±1,718",±1.1,±2.6,2010
"Aurora city, Colorado!!Percent","128,354",93.10%,6.90%,(X),(X),2010
"Aurora city, Colorado!!Percent Margin of Error",(X),±1.3,±1.3,(X),(X),2010
"Colorado Springs city, Colorado!!Estimate","180,535","167,361","13,174",2.3,6.7,2010
"Colorado Springs city, Colorado!!Estimate Margin of Error","±2,463","±3,084","±2,266",±1.0,±2.1,2010
"Colorado Springs city, Colorado!!Percent","180,535",92.70%,7.30%,(X),(X),2010
"Colorado Springs city, Colorado!!Percent Margin of Error",(X),±1.2,±1.2,(X),(X),2010
"Denver city, Colorado!!Estimate","285,859","262,093","23,766",3.8,5.5,2010
"Denver city, Colorado!!Estimate Margin of Error","±1,895","±3,662","±3,030",±1.2,±1.2,2010
"Denver city, Colorado!!Percent","285,859",91.70%,8.30%,(X),(X),2010
"Denver city, Colorado!!Percent Margin of Error",(X),±1.1,±1.1,(X),(X),2010
"Washington city, District of Columbia!!Estimate","296,836","252,388","44,448",3.2,9.5,2010
"Washington city, District of Columbia!!Estimate Margin of Error",±63,"±3,730","±3,730",±0.9,±1.5,2010
"Washington city, District of Columbia!!Percent","296,836",85.00%,15.00%,(X),(X),2010
"Washington city, District of Columbia!!Percent Margin of Error",(X),±1.3,±1.3,(X),(X),2010
"Jacksonville city, Florida!!Estimate","368,037","308,173","59,864",4.5,12.9,2010
"Jacksonville city, Florida!!Estimate Margin of Error","±4,746","±6,302","±4,691",±0.9,±1.9,2010
"Jacksonville city, Florida!!Percent","368,037",83.70%,16.30%,(X),(X),2010
"Jacksonville city, Florida!!Percent Margin of Error",(X),±1.3,±1.3,(X),(X),2010
"Miami city, Florida!!Estimate","188,150","145,822","42,328",9.7,10.7,2010
"Miami city, Florida!!Estimate Margin of Error","±6,255","±4,810","±3,780",±2.1,±1.6,2010
"Miami city, Florida!!Percent","188,150",77.50%,22.50%,(X),(X),2010
"Miami city, Florida!!Percent Margin of Error",(X),±1.6,±1.6,(X),(X),2010
"Orlando city, Florida!!Estimate","119,552","96,753","22,799",3,10.1,2010
"Orlando city, Florida!!Estimate Margin of Error","±4,003","±3,793","±2,579",±1.6,±1.9,2010
"Orlando city, Florida!!Percent","119,552",80.90%,19.10%,(X),(X),2010
"Orlando city, Florida!!Percent Margin of Error",(X),±2.0,±2.0,(X),(X),2010
"Tampa city, Florida!!Estimate","158,988","133,070","25,918",3.8,10.5,2010
"Tampa city, Florida!!Estimate Margin of Error","±3,986","±3,857","±2,656",±1.4,±2.1,2010
"Tampa city, Florida!!Percent","158,988",83.70%,16.30%,(X),(X),2010
"Tampa city, Florida!!Percent Margin of Error",(X),±1.6,±1.6,(X),(X),2010
"Atlanta city, Georgia!!Estimate","225,203","172,159","53,044",7.7,16.4,2010
"Atlanta city, Georgia!!Estimate Margin of Error","±5,823","±5,268","±3,534",±1.5,±2.2,2010
"Atlanta city, Georgia!!Percent","225,203",76.40%,23.60%,(X),(X),2010
"Atlanta city, Georgia!!Percent Margin of Error",(X),±1.4,±1.4,(X),(X),2010
"Chicago city, Illinois!!Estimate","1,189,053","1,014,576","174,477",3.5,8.5,2010
"Chicago city, Illinois!!Estimate Margin of Error","±7,086","±8,579","±7,085",±0.6,±0.6,2010
"Chicago city, Illinois!!Percent","1,189,053",85.30%,14.70%,(X),(X),2010
"Chicago city, Illinois!!Percent Margin of Error",(X),±0.6,±0.6,(X),(X),2010
"Indianapolis city (balance), Indiana!!Estimate","380,859","322,700","58,159",2.5,8.3,2010
"Indianapolis city (balance), Indiana!!Estimate Margin of Error","±2,715","±5,582","±4,663",±0.7,±1.4,2010
"Indianapolis city (balance), Indiana!!Percent","380,859",84.70%,15.30%,(X),(X),2010
"Indianapolis city (balance), Indiana!!Percent Margin of Error",(X),±1.2,±1.2,(X),(X),2010
"Wichita city, Kansas!!Estimate","169,058","149,648","19,410",3.2,8.9,2010
"Wichita city, Kansas!!Estimate Margin of Error","±1,897","±2,521","±2,542",±1.2,±2.2,2010
"Wichita city, Kansas!!Percent","169,058",88.50%,11.50%,(X),(X),2010
"Wichita city, Kansas!!Percent Margin of Error",(X),±1.5,±1.5,(X),(X),2010
"New Orleans city, Louisiana!!Estimate","190,154","142,093","48,061",5.7,14.5,2010
"New Orleans city, Louisiana!!Estimate Margin of Error","±1,837","±3,457","±3,285",±1.6,±2.0,2010
"New Orleans city, Louisiana!!Percent","190,154",74.70%,25.30%,(X),(X),2010
"New Orleans city, Louisiana!!Percent Margin of Error",(X),±1.7,±1.7,(X),(X),2010
"Baltimore city, Maryland!!Estimate","296,584","237,945","58,639",5.3,7.5,2010
"Baltimore city, Maryland!!Estimate Margin of Error","±1,348","±4,515","±4,250",±1.2,±1.2,2010
"Baltimore city, Maryland!!Percent","296,584",80.20%,19.80%,(X),(X),2010
"Baltimore city, Maryland!!Percent Margin of Error",(X),±1.4,±1.4,(X),(X),2010
"Boston city, Massachusetts!!Estimate","277,949","251,721","26,228",2.4,5.4,2010
"Boston city, Massachusetts!!Estimate Margin of Error","±3,571","±4,587","±3,171",±1.0,±1.1,2010
"Boston city, Massachusetts!!Percent","277,949",90.60%,9.40%,(X),(X),2010
"Boston city, Massachusetts!!Percent Margin of Error",(X),±1.1,±1.1,(X),(X),2010
"Detroit city, Michigan!!Estimate","360,675","255,201","105,474",5.4,13.7,2010
"Detroit city, Michigan!!Estimate Margin of Error","±4,953","±5,059","±5,226",±1.2,±1.5,2010
"Detroit city, Michigan!!Percent","360,675",70.80%,29.20%,(X),(X),2010
"Detroit city, Michigan!!Percent Margin of Error",(X),±1.3,±1.3,(X),(X),2010
"Minneapolis city, Minnesota!!Estimate","184,814","165,798","19,016",3.7,6.8,2010
"Minneapolis city, Minnesota!!Estimate Margin of Error","±3,848","±3,861","±2,378",±1.2,±1.6,2010
"Minneapolis city, Minnesota!!Percent","184,814",89.70%,10.30%,(X),(X),2010
"Minneapolis city, Minnesota!!Percent Margin of Error",(X),±1.2,±1.2,(X),(X),2010
"St. Paul city, Minnesota!!Estimate","120,250","110,088","10,162",2.3,5.1,2010
"St. Paul city, Minnesota!!Estimate Margin of Error","±2,543","±2,941","±1,918",±1.3,±1.7,2010
"St. Paul city, Minnesota!!Percent","120,250",91.50%,8.50%,(X),(X),2010
"St. Paul city, Minnesota!!Percent Margin of Error",(X),±1.6,±1.6,(X),(X),2010
"Lincoln city, Nebraska!!Estimate","110,486","104,286","6,200",1.9,5.4,2010
"Lincoln city, Nebraska!!Estimate Margin of Error","±1,458","±1,919","±1,444",±1.2,±1.9,2010
"Lincoln city, Nebraska!!Percent","110,486",94.40%,5.60%,(X),(X),2010
"Lincoln city, Nebraska!!Percent Margin of Error",(X),±1.3,±1.3,(X),(X),2010
"Omaha city, Nebraska!!Estimate","178,149","163,411","14,738",1.5,7,2010
"Omaha city, Nebraska!!Estimate Margin of Error","±1,792","±2,894","±2,489",±0.8,±2.1,2010
"Omaha city, Nebraska!!Percent","178,149",91.70%,8.30%,(X),(X),2010
"Omaha city, Nebraska!!Percent Margin of Error",(X),±1.4,±1.4,(X),(X),2010
"Henderson city, Nevada!!Estimate","114,295","99,095","15,200",4.9,6.9,2010
"Henderson city, Nevada!!Estimate Margin of Error","±3,755","±3,059","±2,262",±1.7,±2.9,2010
"Henderson city, Nevada!!Percent","114,295",86.70%,13.30%,(X),(X),2010
"Henderson city, Nevada!!Percent Margin of Error",(X),±1.8,±1.8,(X),(X),2010
"Las Vegas city, Nevada!!Estimate","253,903","210,950","42,953",4.5,12.2,2010
"Las Vegas city, Nevada!!Estimate Margin of Error","±5,307","±4,737","±3,551",±1.0,±1.9,2010
"Las Vegas city, Nevada!!Percent","253,903",83.10%,16.90%,(X),(X),2010
"Las Vegas city, Nevada!!Percent Margin of Error",(X),±1.3,±1.3,(X),(X),2010
"Jersey City city, New Jersey!!Estimate","109,573","92,649","16,924",9.9,11.4,2010
"Jersey City city, New Jersey!!Estimate Margin of Error","±2,820","±2,709","±2,285",±3.5,±2.3,2010
"Jersey City city, New Jersey!!Percent","109,573",84.60%,15.40%,(X),(X),2010
"Jersey City city, New Jersey!!Percent Margin of Error",(X),±1.9,±1.9,(X),(X),2010
"Newark city, New Jersey!!Estimate","108,907","91,414","17,493",7,10.2,2010
"Newark city, New Jersey!!Estimate Margin of Error","±3,620","±3,236","±2,047",±3.0,±1.6,2010
"Newark city, New Jersey!!Percent","108,907",83.90%,16.10%,(X),(X),2010
"Newark city, New Jersey!!Percent Margin of Error",(X),±1.7,±1.7,(X),(X),2010
"Albuquerque city, New Mexico!!Estimate","240,232","223,505","16,727",1.4,6.1,2010
"Albuquerque city, New Mexico!!Estimate Margin of Error","±2,039","±2,539","±2,369",±0.6,±1.7,2010
"Albuquerque city, New Mexico!!Percent","240,232",93.00%,7.00%,(X),(X),2010
"Albuquerque city, New Mexico!!Percent Margin of Error",(X),±1.0,±1.0,(X),(X),2010
"New York city, New York!!Estimate","3,370,647","3,039,467","331,180",2.4,4.3,2010
"New York city, New York!!Estimate Margin of Error","±4,509","±11,288","±10,338",±0.3,±0.2,2010
"New York city, New York!!Percent","3,370,647",90.20%,9.80%,(X),(X),2010
"New York city, New York!!Percent Margin of Error",(X),±0.3,±0.3,(X),(X),2010
"Greensboro city, North Carolina!!Estimate","125,702","109,255","16,447",2.8,14.2,2010
"Greensboro city, North Carolina!!Estimate Margin of Error","±2,979","±3,387","±2,377",±0.9,±3.0,2010
"Greensboro city, North Carolina!!Percent","125,702",86.90%,13.10%,(X),(X),2010
"Greensboro city, North Carolina!!Percent Margin of Error",(X),±1.8,±1.8,(X),(X),2010
"Cincinnati city, Ohio!!Estimate","161,201","126,145","35,056",4.7,13.2,2010
"Cincinnati city, Ohio!!Estimate Margin of Error","±4,812","±4,336","±2,836",±1.8,±1.9,2010
"Cincinnati city, Ohio!!Percent","161,201",78.30%,21.70%,(X),(X),2010
"Cincinnati city, Ohio!!Percent Margin of Error",(X),±1.6,±1.6,(X),(X),2010
"Cleveland city, Ohio!!Estimate","214,220","164,990","49,230",4.5,10.3,2010
"Cleveland city, Ohio!!Estimate Margin of Error","±4,327","±4,095","±3,481",±1.3,±1.6,2010
"Cleveland city, Ohio!!Percent","214,220",77.00%,23.00%,(X),(X),2010
"Cleveland city, Ohio!!Percent Margin of Error",(X),±1.5,±1.5,(X),(X),2010
"Columbus city, Ohio!!Estimate","370,544","319,428","51,116",3.2,10.3,2010
"Columbus city, Ohio!!Estimate Margin of Error","±4,111","±4,797","±4,074",±0.9,±1.5,2010
"Columbus city, Ohio!!Percent","370,544",86.20%,13.80%,(X),(X),2010
"Columbus city, Ohio!!Percent Margin of Error",(X),±1.1,±1.1,(X),(X),2010
"Tulsa city, Oklahoma!!Estimate","187,281","163,173","24,108",3.4,11.2,2010
"Tulsa city, Oklahoma!!Estimate Margin of Error","±2,560","±2,981","±2,545",±1.2,±2.1,2010
"Tulsa city, Oklahoma!!Percent","187,281",87.10%,12.90%,(X),(X),2010
"Tulsa city, Oklahoma!!Percent Margin of Error",(X),±1.3,±1.3,(X),(X),2010
"Portland city, Oregon!!Estimate","263,890","244,192","19,698",3.7,3.5,2010
"Portland city, Oregon!!Estimate Margin of Error","±2,884","±3,559","±2,755",±1.1,±1.2,2010
"Portland city, Oregon!!Percent","263,890",92.50%,7.50%,(X),(X),2010
"Portland city, Oregon!!Percent Margin of Error",(X),±1.0,±1.0,(X),(X),2010
"Philadelphia city, Pennsylvania!!Estimate","670,022","575,413","94,609",3.4,7.3,2010
"Philadelphia city, Pennsylvania!!Estimate Margin of Error","±4,073","±6,623","±5,884",±0.6,±0.9,2010
"Philadelphia city, Pennsylvania!!Percent","670,022",85.90%,14.10%,(X),(X),2010
"Philadelphia city, Pennsylvania!!Percent Margin of Error",(X),±0.9,±0.9,(X),(X),2010
"Pittsburgh city, Pennsylvania!!Estimate","153,756","129,828","23,928",1.7,5.3,2010
"Pittsburgh city, Pennsylvania!!Estimate Margin of Error","±3,447","±3,843","±2,861",±1.0,±1.9,2010
"Pittsburgh city, Pennsylvania!!Percent","153,756",84.40%,15.60%,(X),(X),2010
"Pittsburgh city, Pennsylvania!!Percent Margin of Error",(X),±1.8,±1.8,(X),(X),2010
"Memphis city, Tennessee!!Estimate","293,845","241,400","52,445",3.6,16.5,2010
"Memphis city, Tennessee!!Estimate Margin of Error","±3,302","±4,203","±3,676",±1.0,±1.9,2010
"Memphis city, Tennessee!!Percent","293,845",82.20%,17.80%,(X),(X),2010
"Memphis city, Tennessee!!Percent Margin of Error",(X),±1.2,±1.2,(X),(X),2010
"Arlington city, Texas!!Estimate","146,638","133,491","13,147",1.7,13.6,2010
"Arlington city, Texas!!Estimate Margin of Error","±3,785","±3,094","±2,532",±1.0,±2.9,2010
"Arlington city, Texas!!Percent","146,638",91.00%,9.00%,(X),(X),2010
"Arlington city, Texas!!Percent Margin of Error",(X),±1.6,±1.6,(X),(X),2010
"Austin city, Texas!!Estimate","354,988","323,282","31,706",1.7,6.4,2010
"Austin city, Texas!!Estimate Margin of Error","±5,209","±4,713","±2,958",±0.7,±1.1,2010
"Austin city, Texas!!Percent","354,988",91.10%,8.90%,(X),(X),2010
"Austin city, Texas!!Percent Margin of Error",(X),±0.8,±0.8,(X),(X),2010
"Corpus Christi city, Texas!!Estimate","124,620","110,954","13,666",1.3,7,2010
"Corpus Christi city, Texas!!Estimate Margin of Error","±1,582","±2,722","±2,460",±1.0,±2.3,2010
"Corpus Christi city, Texas!!Percent","124,620",89.00%,11.00%,(X),(X),2010
"Corpus Christi city, Texas!!Percent Margin of Error",(X),±2.0,±2.0,(X),(X),2010
"Dallas city, Texas!!Estimate","514,372","447,680","66,692",2.7,12.5,2010
"Dallas city, Texas!!Estimate Margin of Error","±6,971","±6,310","±3,901",±0.7,±1.0,2010
"Dallas city, Texas!!Percent","514,372",87.00%,13.00%,(X),(X),2010
"Dallas city, Texas!!Percent Margin of Error",(X),±0.7,±0.7,(X),(X),2010
"El Paso city, Texas!!Estimate","230,485","210,754","19,731",2.2,8.4,2010
"El Paso city, Texas!!Estimate Margin of Error","±1,937","±2,612","±2,663",±0.8,±1.9,2010
"El Paso city, Texas!!Percent","230,485",91.40%,8.60%,(X),(X),2010
"El Paso city, Texas!!Percent Margin of Error",(X),±1.1,±1.1,(X),(X),2010
"Houston city, Texas!!Estimate","902,745","762,309","140,436",3.3,15.9,2010
"Houston city, Texas!!Estimate Margin of Error","±7,429","±6,535","±6,060",±0.6,±0.9,2010
"Houston city, Texas!!Percent","902,745",84.40%,15.60%,(X),(X),2010
"Houston city, Texas!!Percent Margin of Error",(X),±0.6,±0.6,(X),(X),2010
"Plano city, Texas!!Estimate","105,307","97,524","7,783",1.3,10.6,2010
"Plano city, Texas!!Estimate Margin of Error","±2,905","±2,960","±1,750",±0.9,±2.9,2010
"Plano city, Texas!!Percent","105,307",92.60%,7.40%,(X),(X),2010
"Plano city, Texas!!Percent Margin of Error",(X),±1.6,±1.6,(X),(X),2010
"San Antonio city, Texas!!Estimate","525,799","470,223","55,576",2.2,9.9,2010
"San Antonio city, Texas!!Estimate Margin of Error","±4,754","±4,982","±4,469",±0.6,±1.2,2010
"San Antonio city, Texas!!Percent","525,799",89.40%,10.60%,(X),(X),2010
"San Antonio city, Texas!!Percent Margin of Error",(X),±0.8,±0.8,(X),(X),2010
"Virginia Beach city, Virginia!!Estimate","178,117","164,300","13,817",2,3.4,2010
"Virginia Beach city, Virginia!!Estimate Margin of Error",±840,"±2,574","±2,373",±0.8,±1.5,2010
"Virginia Beach city, Virginia!!Percent","178,117",92.20%,7.80%,(X),(X),2010
"Virginia Beach city, Virginia!!Percent Margin of Error",(X),±1.3,±1.3,(X),(X),2010
"Seattle city, Washington!!Estimate","302,514","277,520","24,994",2.6,4,2010
"Seattle city, Washington!!Estimate Margin of Error","±6,008","±5,743","±3,323",±1.1,±0.9,2010
"Seattle city, Washington!!Percent","302,514",91.70%,8.30%,(X),(X),2010
"Seattle city, Washington!!Percent Margin of Error",(X),±1.1,±1.1,(X),(X),2010
"Milwaukee city, Wisconsin!!Estimate","258,694","228,945","29,749",1,3.4,2010
"Milwaukee city, Wisconsin!!Estimate Margin of Error","±3,433","±3,762","±2,762",±0.5,±1.0,2010
"Milwaukee city, Wisconsin!!Percent","258,694",88.50%,11.50%,(X),(X),2010
"Milwaukee city, Wisconsin!!Percent Margin of Error",(X),±1.0,±1.0,(X),(X),2010
