﻿Label (Grouping),    Occupied housing units,    Owner-occupied,    Renter-occupied,    Average household size of owner-occupied unit,    Average household size of renter-occupied unit,Year
"Anchorage municipality, Alaska!!Estimate","104,993","64,018","40,975",2.79,2.58,"2,010"
"Anchorage municipality, Alaska!!Estimate Margin of Error","±2,002","±2,242","±2,566",±0.08,±0.11,"2,010"
"Anchorage municipality, Alaska!!Percent","104,993",61.00%,39.00%,(X),(X),"2,010"
"Anchorage municipality, Alaska!!Percent Margin of Error",(X),±2.1,±2.1,(X),(X),"2,010"
"Mesa city, Arizona!!Estimate","162,691","100,527","62,164",2.66,2.72,"2,010"
"Mesa city, Arizona!!Estimate Margin of Error","±4,466","±4,072","±3,633",±0.09,±0.14,"2,010"
"Mesa city, Arizona!!Percent","162,691",61.80%,38.20%,(X),(X),"2,010"
"Mesa city, Arizona!!Percent Margin of Error",(X),±1.9,±1.9,(X),(X),"2,010"
"Phoenix city, Arizona!!Estimate","511,432","285,182","226,250",2.82,2.76,"2,010"
"Phoenix city, Arizona!!Estimate Margin of Error","±7,172","±7,086","±6,816",±0.06,±0.07,"2,010"
"Phoenix city, Arizona!!Percent","511,432",55.80%,44.20%,(X),(X),"2,010"
"Phoenix city, Arizona!!Percent Margin of Error",(X),±1.2,±1.2,(X),(X),"2,010"
"Tucson city, Arizona!!Estimate","201,761","105,875","95,886",2.58,2.34,"2,010"
"Tucson city, Arizona!!Estimate Margin of Error","±4,584","±4,535","±4,389",±0.07,±0.09,"2,010"
"Tucson city, Arizona!!Percent","201,761",52.50%,47.50%,(X),(X),"2,010"
"Tucson city, Arizona!!Percent Margin of Error",(X),±1.9,±1.9,(X),(X),"2,010"
"Anaheim city, California!!Estimate","100,404","48,584","51,820",3.42,3.23,"2,010"
"Anaheim city, California!!Estimate Margin of Error","±3,112","±2,753","±2,637",±0.12,±0.15,"2,010"
"Anaheim city, California!!Percent","100,404",48.40%,51.60%,(X),(X),"2,010"
"Anaheim city, California!!Percent Margin of Error",(X),±2.2,±2.2,(X),(X),"2,010"
"Bakersfield city, California!!Estimate","109,420","64,761","44,659",3.14,3.2,"2,010"
"Bakersfield city, California!!Estimate Margin of Error","±3,039","±3,103","±2,648",±0.10,±0.15,"2,010"
"Bakersfield city, California!!Percent","109,420",59.20%,40.80%,(X),(X),"2,010"
"Bakersfield city, California!!Percent Margin of Error",(X),±2.2,±2.2,(X),(X),"2,010"
"Fresno city, California!!Estimate","152,890","74,995","77,895",3.12,3.29,"2,010"
"Fresno city, California!!Estimate Margin of Error","±3,242","±3,481","±3,201",±0.09,±0.12,"2,010"
"Fresno city, California!!Percent","152,890",49.10%,50.90%,(X),(X),"2,010"
"Fresno city, California!!Percent Margin of Error",(X),±1.9,±1.9,(X),(X),"2,010"
"Irvine city, California!!Estimate","76,172","38,163","38,009",2.86,2.49,"2,010"
"Irvine city, California!!Estimate Margin of Error","±2,460","±2,550","±2,360",±0.11,±0.12,"2,010"
"Irvine city, California!!Percent","76,172",50.10%,49.90%,(X),(X),"2,010"
"Irvine city, California!!Percent Margin of Error",(X),±2.8,±2.8,(X),(X),"2,010"
"Long Beach city, California!!Estimate","158,386","62,682","95,704",3.06,2.7,"2,010"
"Long Beach city, California!!Estimate Margin of Error","±4,102","±2,749","±4,121",±0.12,±0.09,"2,010"
"Long Beach city, California!!Percent","158,386",39.60%,60.40%,(X),(X),"2,010"
"Long Beach city, California!!Percent Margin of Error",(X),±1.7,±1.7,(X),(X),"2,010"
"Los Angeles city, California!!Estimate","1,310,259","493,028","817,231",3.07,2.7,"2,010"
"Los Angeles city, California!!Estimate Margin of Error","±9,520","±7,998","±11,253",±0.04,±0.03,"2,010"
"Los Angeles city, California!!Percent","1,310,259",37.60%,62.40%,(X),(X),"2,010"
"Los Angeles city, California!!Percent Margin of Error",(X),±0.6,±0.6,(X),(X),"2,010"
"Oakland city, California!!Estimate","151,808","61,547","90,261",2.84,2.36,"2,010"
"Oakland city, California!!Estimate Margin of Error","±3,746","±3,357","±3,525",±0.12,±0.08,"2,010"
"Oakland city, California!!Percent","151,808",40.50%,59.50%,(X),(X),"2,010"
"Oakland city, California!!Percent Margin of Error",(X),±1.9,±1.9,(X),(X),"2,010"
"Riverside city, California!!Estimate","87,752","50,025","37,727",3.57,3.21,"2,010"
"Riverside city, California!!Estimate Margin of Error","±3,694","±2,848","±3,009",±0.17,±0.22,"2,010"
"Riverside city, California!!Percent","87,752",57.00%,43.00%,(X),(X),"2,010"
"Riverside city, California!!Percent Margin of Error",(X),±2.6,±2.6,(X),(X),"2,010"
"Sacramento city, California!!Estimate","176,168","86,950","89,218",2.6,2.59,"2,010"
"Sacramento city, California!!Estimate Margin of Error","±5,046","±4,208","±4,095",±0.08,±0.11,"2,010"
"Sacramento city, California!!Percent","176,168",49.40%,50.60%,(X),(X),"2,010"
"Sacramento city, California!!Percent Margin of Error",(X),±1.9,±1.9,(X),(X),"2,010"
"San Diego city, California!!Estimate","469,635","224,874","244,761",2.76,2.62,"2,010"
"San Diego city, California!!Estimate Margin of Error","±6,664","±5,989","±5,517",±0.05,±0.04,"2,010"
"San Diego city, California!!Percent","469,635",47.90%,52.10%,(X),(X),"2,010"
"San Diego city, California!!Percent Margin of Error",(X),±1.0,±1.0,(X),(X),"2,010"
"San Francisco city, California!!Estimate","336,012","123,128","212,884",2.76,2.14,"2,010"
"San Francisco city, California!!Estimate Margin of Error","±4,358","±4,317","±5,751",±0.07,±0.04,"2,010"
"San Francisco city, California!!Percent","336,012",36.60%,63.40%,(X),(X),"2,010"
"San Francisco city, California!!Percent Margin of Error",(X),±1.3,±1.3,(X),(X),"2,010"
"San Jose city, California!!Estimate","297,637","173,280","124,357",3.2,3.08,"2,010"
"San Jose city, California!!Estimate Margin of Error","±4,429","±4,849","±4,860",±0.06,±0.08,"2,010"
"San Jose city, California!!Percent","297,637",58.20%,41.80%,(X),(X),"2,010"
"San Jose city, California!!Percent Margin of Error",(X),±1.5,±1.5,(X),(X),"2,010"
"Santa Ana city, California!!Estimate","71,288","33,884","37,404",4.53,4.42,"2,010"
"Santa Ana city, California!!Estimate Margin of Error","±2,600","±2,319","±2,120",±0.22,±0.23,"2,010"
"Santa Ana city, California!!Percent","71,288",47.50%,52.50%,(X),(X),"2,010"
"Santa Ana city, California!!Percent Margin of Error",(X),±2.5,±2.5,(X),(X),"2,010"
"Stockton city, California!!Estimate","91,200","47,779","43,421",3.1,3.17,"2,010"
"Stockton city, California!!Estimate Margin of Error","±2,669","±2,647","±2,736",±0.12,±0.15,"2,010"
"Stockton city, California!!Percent","91,200",52.40%,47.60%,(X),(X),"2,010"
"Stockton city, California!!Percent Margin of Error",(X),±2.6,±2.6,(X),(X),"2,010"
"Aurora city, Colorado!!Estimate","119,559","72,736","46,823",2.65,2.82,"2,010"
"Aurora city, Colorado!!Estimate Margin of Error","±3,177","±3,039","±2,368",±0.10,±0.13,"2,010"
"Aurora city, Colorado!!Percent","119,559",60.80%,39.20%,(X),(X),"2,010"
"Aurora city, Colorado!!Percent Margin of Error",(X),±1.8,±1.8,(X),(X),"2,010"
"Colorado Springs city, Colorado!!Estimate","167,361","97,971","69,390",2.59,2.31,"2,010"
"Colorado Springs city, Colorado!!Estimate Margin of Error","±3,084","±3,063","±3,422",±0.07,±0.08,"2,010"
"Colorado Springs city, Colorado!!Percent","167,361",58.50%,41.50%,(X),(X),"2,010"
"Colorado Springs city, Colorado!!Percent Margin of Error",(X),±1.7,±1.7,(X),(X),"2,010"
"Denver city, Colorado!!Estimate","262,093","131,790","130,303",2.39,2.1,"2,010"
"Denver city, Colorado!!Estimate Margin of Error","±3,662","±3,587","±4,330",±0.06,±0.06,"2,010"
"Denver city, Colorado!!Percent","262,093",50.30%,49.70%,(X),(X),"2,010"
"Denver city, Colorado!!Percent Margin of Error",(X),±1.3,±1.3,(X),(X),"2,010"
"Washington city, District of Columbia!!Estimate","252,388","107,193","145,195",2.31,2.18,"2,010"
"Washington city, District of Columbia!!Estimate Margin of Error","±3,730","±3,924","±4,932",±0.06,±0.06,"2,010"
"Washington city, District of Columbia!!Percent","252,388",42.50%,57.50%,(X),(X),"2,010"
"Washington city, District of Columbia!!Percent Margin of Error",(X),±1.6,±1.6,(X),(X),"2,010"
"Jacksonville city, Florida!!Estimate","308,173","190,954","117,219",2.68,2.46,"2,010"
"Jacksonville city, Florida!!Estimate Margin of Error","±6,302","±5,481","±5,819",±0.05,±0.08,"2,010"
"Jacksonville city, Florida!!Percent","308,173",62.00%,38.00%,(X),(X),"2,010"
"Jacksonville city, Florida!!Percent Margin of Error",(X),±1.6,±1.6,(X),(X),"2,010"
"Miami city, Florida!!Estimate","145,822","47,978","97,844",2.84,2.6,"2,010"
"Miami city, Florida!!Estimate Margin of Error","±4,810","±3,345","±4,117",±0.15,±0.10,"2,010"
"Miami city, Florida!!Percent","145,822",32.90%,67.10%,(X),(X),"2,010"
"Miami city, Florida!!Percent Margin of Error",(X),±1.9,±1.9,(X),(X),"2,010"
"Orlando city, Florida!!Estimate","96,753","38,569","58,184",2.57,2.38,"2,010"
"Orlando city, Florida!!Estimate Margin of Error","±3,793","±2,955","±3,480",±0.12,±0.12,"2,010"
"Orlando city, Florida!!Percent","96,753",39.90%,60.10%,(X),(X),"2,010"
"Orlando city, Florida!!Percent Margin of Error",(X),±2.7,±2.7,(X),(X),"2,010"
"Tampa city, Florida!!Estimate","133,070","67,733","65,337",2.57,2.35,"2,010"
"Tampa city, Florida!!Estimate Margin of Error","±3,857","±3,405","±3,492",±0.08,±0.11,"2,010"
"Tampa city, Florida!!Percent","133,070",50.90%,49.10%,(X),(X),"2,010"
"Tampa city, Florida!!Percent Margin of Error",(X),±2.1,±2.1,(X),(X),"2,010"
"Atlanta city, Georgia!!Estimate","172,159","76,417","95,742",2.28,2.27,"2,010"
"Atlanta city, Georgia!!Estimate Margin of Error","±5,268","±3,983","±3,914",±0.08,±0.10,"2,010"
"Atlanta city, Georgia!!Percent","172,159",44.40%,55.60%,(X),(X),"2,010"
"Atlanta city, Georgia!!Percent Margin of Error",(X),±1.7,±1.7,(X),(X),"2,010"
"Chicago city, Illinois!!Estimate","1,014,576","465,248","549,328",2.78,2.47,"2,010"
"Chicago city, Illinois!!Estimate Margin of Error","±8,579","±8,385","±8,469",±0.04,±0.03,"2,010"
"Chicago city, Illinois!!Percent","1,014,576",45.90%,54.10%,(X),(X),"2,010"
"Chicago city, Illinois!!Percent Margin of Error",(X),±0.7,±0.7,(X),(X),"2,010"
"Indianapolis city (balance), Indiana!!Estimate","322,700","183,332","139,368",2.61,2.38,"2,010"
"Indianapolis city (balance), Indiana!!Estimate Margin of Error","±5,582","±4,460","±4,553",±0.05,±0.07,"2,010"
"Indianapolis city (balance), Indiana!!Percent","322,700",56.80%,43.20%,(X),(X),"2,010"
"Indianapolis city (balance), Indiana!!Percent Margin of Error",(X),±1.1,±1.1,(X),(X),"2,010"
"Wichita city, Kansas!!Estimate","149,648","92,297","57,351",2.73,2.22,"2,010"
"Wichita city, Kansas!!Estimate Margin of Error","±2,521","±2,886","±3,195",±0.07,±0.09,"2,010"
"Wichita city, Kansas!!Percent","149,648",61.70%,38.30%,(X),(X),"2,010"
"Wichita city, Kansas!!Percent Margin of Error",(X),±1.9,±1.9,(X),(X),"2,010"
"New Orleans city, Louisiana!!Estimate","142,093","71,457","70,636",2.5,2.27,"2,010"
"New Orleans city, Louisiana!!Estimate Margin of Error","±3,457","±2,896","±4,016",±0.06,±0.09,"2,010"
"New Orleans city, Louisiana!!Percent","142,093",50.30%,49.70%,(X),(X),"2,010"
"New Orleans city, Louisiana!!Percent Margin of Error",(X),±2.1,±2.1,(X),(X),"2,010"
"Baltimore city, Maryland!!Estimate","237,945","109,283","128,662",2.61,2.47,"2,010"
"Baltimore city, Maryland!!Estimate Margin of Error","±4,515","±3,391","±4,596",±0.08,±0.07,"2,010"
"Baltimore city, Maryland!!Percent","237,945",45.90%,54.10%,(X),(X),"2,010"
"Baltimore city, Maryland!!Percent Margin of Error",(X),±1.4,±1.4,(X),(X),"2,010"
"Boston city, Massachusetts!!Estimate","251,721","81,770","169,951",2.51,2.2,"2,010"
"Boston city, Massachusetts!!Estimate Margin of Error","±4,587","±3,771","±4,734",±0.08,±0.05,"2,010"
"Boston city, Massachusetts!!Percent","251,721",32.50%,67.50%,(X),(X),"2,010"
"Boston city, Massachusetts!!Percent Margin of Error",(X),±1.4,±1.4,(X),(X),"2,010"
"Detroit city, Michigan!!Estimate","255,201","135,864","119,337",2.74,2.76,"2,010"
"Detroit city, Michigan!!Estimate Margin of Error","±5,059","±4,539","±4,477",±0.08,±0.09,"2,010"
"Detroit city, Michigan!!Percent","255,201",53.20%,46.80%,(X),(X),"2,010"
"Detroit city, Michigan!!Percent Margin of Error",(X),±1.5,±1.5,(X),(X),"2,010"
"Minneapolis city, Minnesota!!Estimate","165,798","82,288","83,510",2.32,2.1,"2,010"
"Minneapolis city, Minnesota!!Estimate Margin of Error","±3,861","±3,562","±3,467",±0.07,±0.09,"2,010"
"Minneapolis city, Minnesota!!Percent","165,798",49.60%,50.40%,(X),(X),"2,010"
"Minneapolis city, Minnesota!!Percent Margin of Error",(X),±1.8,±1.8,(X),(X),"2,010"
"St. Paul city, Minnesota!!Estimate","110,088","56,517","53,571",2.61,2.38,"2,010"
"St. Paul city, Minnesota!!Estimate Margin of Error","±2,941","±2,748","±2,520",±0.10,±0.09,"2,010"
"St. Paul city, Minnesota!!Percent","110,088",51.30%,48.70%,(X),(X),"2,010"
"St. Paul city, Minnesota!!Percent Margin of Error",(X),±2.0,±2.0,(X),(X),"2,010"
"Lincoln city, Nebraska!!Estimate","104,286","59,237","45,049",2.48,2.16,"2,010"
"Lincoln city, Nebraska!!Estimate Margin of Error","±1,919","±2,274","±2,274",±0.07,±0.10,"2,010"
"Lincoln city, Nebraska!!Percent","104,286",56.80%,43.20%,(X),(X),"2,010"
"Lincoln city, Nebraska!!Percent Margin of Error",(X),±2.0,±2.0,(X),(X),"2,010"
"Omaha city, Nebraska!!Estimate","163,411","95,584","67,827",2.6,2.25,"2,010"
"Omaha city, Nebraska!!Estimate Margin of Error","±2,894","±2,846","±2,873",±0.06,±0.07,"2,010"
"Omaha city, Nebraska!!Percent","163,411",58.50%,41.50%,(X),(X),"2,010"
"Omaha city, Nebraska!!Percent Margin of Error",(X),±1.5,±1.5,(X),(X),"2,010"
"Henderson city, Nevada!!Estimate","99,095","63,829","35,266",2.58,2.63,"2,010"
"Henderson city, Nevada!!Estimate Margin of Error","±3,059","±3,116","±2,258",±0.09,±0.16,"2,010"
"Henderson city, Nevada!!Percent","99,095",64.40%,35.60%,(X),(X),"2,010"
"Henderson city, Nevada!!Percent Margin of Error",(X),±2.2,±2.2,(X),(X),"2,010"
"Las Vegas city, Nevada!!Estimate","210,950","113,974","96,976",2.74,2.72,"2,010"
"Las Vegas city, Nevada!!Estimate Margin of Error","±4,737","±4,344","±4,369",±0.08,±0.10,"2,010"
"Las Vegas city, Nevada!!Percent","210,950",54.00%,46.00%,(X),(X),"2,010"
"Las Vegas city, Nevada!!Percent Margin of Error",(X),±1.7,±1.7,(X),(X),"2,010"
"Jersey City city, New Jersey!!Estimate","92,649","28,744","63,905",2.9,2.54,"2,010"
"Jersey City city, New Jersey!!Estimate Margin of Error","±2,709","±2,462","±2,803",±0.14,±0.11,"2,010"
"Jersey City city, New Jersey!!Percent","92,649",31.00%,69.00%,(X),(X),"2,010"
"Jersey City city, New Jersey!!Percent Margin of Error",(X),±2.4,±2.4,(X),(X),"2,010"
"Newark city, New Jersey!!Estimate","91,414","21,695","69,719",3.17,2.76,"2,010"
"Newark city, New Jersey!!Estimate Margin of Error","±3,236","±1,932","±3,090",±0.23,±0.10,"2,010"
"Newark city, New Jersey!!Percent","91,414",23.70%,76.30%,(X),(X),"2,010"
"Newark city, New Jersey!!Percent Margin of Error",(X),±2.0,±2.0,(X),(X),"2,010"
"Albuquerque city, New Mexico!!Estimate","223,505","133,505","90,000",2.55,2.24,"2,010"
"Albuquerque city, New Mexico!!Estimate Margin of Error","±2,539","±3,890","±3,764",±0.05,±0.08,"2,010"
"Albuquerque city, New Mexico!!Percent","223,505",59.70%,40.30%,(X),(X),"2,010"
"Albuquerque city, New Mexico!!Percent Margin of Error",(X),±1.6,±1.6,(X),(X),"2,010"
"New York city, New York!!Estimate","3,039,467","976,294","2,063,173",2.86,2.53,"2,010"
"New York city, New York!!Estimate Margin of Error","±11,288","±11,064","±13,509",±0.02,±0.01,"2,010"
"New York city, New York!!Percent","3,039,467",32.10%,67.90%,(X),(X),"2,010"
"New York city, New York!!Percent Margin of Error",(X),±0.4,±0.4,(X),(X),"2,010"
"Greensboro city, North Carolina!!Estimate","109,255","58,373","50,882",2.48,2.22,"2,010"
"Greensboro city, North Carolina!!Estimate Margin of Error","±3,387","±2,797","±3,347",±0.10,±0.10,"2,010"
"Greensboro city, North Carolina!!Percent","109,255",53.40%,46.60%,(X),(X),"2,010"
"Greensboro city, North Carolina!!Percent Margin of Error",(X),±2.4,±2.4,(X),(X),"2,010"
"Cincinnati city, Ohio!!Estimate","126,145","53,430","72,715",2.36,2.14,"2,010"
"Cincinnati city, Ohio!!Estimate Margin of Error","±4,336","±3,174","±3,699",±0.09,±0.08,"2,010"
"Cincinnati city, Ohio!!Percent","126,145",42.40%,57.60%,(X),(X),"2,010"
"Cincinnati city, Ohio!!Percent Margin of Error",(X),±2.1,±2.1,(X),(X),"2,010"
"Cleveland city, Ohio!!Estimate","164,990","77,462","87,528",2.35,2.3,"2,010"
"Cleveland city, Ohio!!Estimate Margin of Error","±4,095","±3,356","±3,312",±0.08,±0.07,"2,010"
"Cleveland city, Ohio!!Percent","164,990",46.90%,53.10%,(X),(X),"2,010"
"Cleveland city, Ohio!!Percent Margin of Error",(X),±1.6,±1.6,(X),(X),"2,010"
"Columbus city, Ohio!!Estimate","319,428","151,463","167,965",2.47,2.38,"2,010"
"Columbus city, Ohio!!Estimate Margin of Error","±4,797","±4,653","±5,745",±0.05,±0.05,"2,010"
"Columbus city, Ohio!!Percent","319,428",47.40%,52.60%,(X),(X),"2,010"
"Columbus city, Ohio!!Percent Margin of Error",(X),±1.4,±1.4,(X),(X),"2,010"
"Tulsa city, Oklahoma!!Estimate","163,173","88,872","74,301",2.42,2.29,"2,010"
"Tulsa city, Oklahoma!!Estimate Margin of Error","±2,981","±3,044","±3,680",±0.06,±0.08,"2,010"
"Tulsa city, Oklahoma!!Percent","163,173",54.50%,45.50%,(X),(X),"2,010"
"Tulsa city, Oklahoma!!Percent Margin of Error",(X),±1.9,±1.9,(X),(X),"2,010"
"Portland city, Oregon!!Estimate","244,192","129,761","114,431",2.55,2.07,"2,010"
"Portland city, Oregon!!Estimate Margin of Error","±3,559","±2,956","±3,189",±0.06,±0.06,"2,010"
"Portland city, Oregon!!Percent","244,192",53.10%,46.90%,(X),(X),"2,010"
"Portland city, Oregon!!Percent Margin of Error",(X),±1.0,±1.0,(X),(X),"2,010"
"Philadelphia city, Pennsylvania!!Estimate","575,413","311,284","264,129",2.73,2.39,"2,010"
"Philadelphia city, Pennsylvania!!Estimate Margin of Error","±6,623","±6,713","±6,251",±0.05,±0.05,"2,010"
"Philadelphia city, Pennsylvania!!Percent","575,413",54.10%,45.90%,(X),(X),"2,010"
"Philadelphia city, Pennsylvania!!Percent Margin of Error",(X),±1.0,±1.0,(X),(X),"2,010"
"Pittsburgh city, Pennsylvania!!Estimate","129,828","66,693","63,135",2.36,1.97,"2,010"
"Pittsburgh city, Pennsylvania!!Estimate Margin of Error","±3,843","±2,965","±3,070",±0.08,±0.09,"2,010"
"Pittsburgh city, Pennsylvania!!Percent","129,828",51.40%,48.60%,(X),(X),"2,010"
"Pittsburgh city, Pennsylvania!!Percent Margin of Error",(X),±1.8,±1.8,(X),(X),"2,010"
"Memphis city, Tennessee!!Estimate","241,400","125,745","115,655",2.57,2.63,"2,010"
"Memphis city, Tennessee!!Estimate Margin of Error","±4,203","±3,852","±4,165",±0.07,±0.08,"2,010"
"Memphis city, Tennessee!!Percent","241,400",52.10%,47.90%,(X),(X),"2,010"
"Memphis city, Tennessee!!Percent Margin of Error",(X),±1.4,±1.4,(X),(X),"2,010"
"Arlington city, Texas!!Estimate","133,491","76,848","56,643",2.83,2.6,"2,010"
"Arlington city, Texas!!Estimate Margin of Error","±3,094","±3,778","±3,541",±0.09,±0.11,"2,010"
"Arlington city, Texas!!Percent","133,491",57.60%,42.40%,(X),(X),"2,010"
"Arlington city, Texas!!Percent Margin of Error",(X),±2.5,±2.5,(X),(X),"2,010"
"Austin city, Texas!!Estimate","323,282","145,720","177,562",2.56,2.25,"2,010"
"Austin city, Texas!!Estimate Margin of Error","±4,713","±4,888","±4,479",±0.05,±0.05,"2,010"
"Austin city, Texas!!Percent","323,282",45.10%,54.90%,(X),(X),"2,010"
"Austin city, Texas!!Percent Margin of Error",(X),±1.3,±1.3,(X),(X),"2,010"
"Corpus Christi city, Texas!!Estimate","110,954","64,265","46,689",2.84,2.53,"2,010"
"Corpus Christi city, Texas!!Estimate Margin of Error","±2,722","±3,158","±3,377",±0.12,±0.13,"2,010"
"Corpus Christi city, Texas!!Percent","110,954",57.90%,42.10%,(X),(X),"2,010"
"Corpus Christi city, Texas!!Percent Margin of Error",(X),±2.7,±2.7,(X),(X),"2,010"
"Dallas city, Texas!!Estimate","447,680","194,231","253,449",2.84,2.48,"2,010"
"Dallas city, Texas!!Estimate Margin of Error","±6,310","±4,868","±6,358",±0.06,±0.06,"2,010"
"Dallas city, Texas!!Percent","447,680",43.40%,56.60%,(X),(X),"2,010"
"Dallas city, Texas!!Percent Margin of Error",(X),±1.0,±1.0,(X),(X),"2,010"
"El Paso city, Texas!!Estimate","210,754","125,754","85,000",3.13,2.98,"2,010"
"El Paso city, Texas!!Estimate Margin of Error","±2,612","±3,894","±3,859",±0.07,±0.09,"2,010"
"El Paso city, Texas!!Percent","210,754",59.70%,40.30%,(X),(X),"2,010"
"El Paso city, Texas!!Percent Margin of Error",(X),±1.7,±1.7,(X),(X),"2,010"
"Houston city, Texas!!Estimate","762,309","352,374","409,935",2.9,2.59,"2,010"
"Houston city, Texas!!Estimate Margin of Error","±6,535","±6,158","±6,689",±0.04,±0.04,"2,010"
"Houston city, Texas!!Percent","762,309",46.20%,53.80%,(X),(X),"2,010"
"Houston city, Texas!!Percent Margin of Error",(X),±0.7,±0.7,(X),(X),"2,010"
"Plano city, Texas!!Estimate","97,524","64,034","33,490",2.91,2.24,"2,010"
"Plano city, Texas!!Estimate Margin of Error","±2,960","±2,588","±2,835",±0.09,±0.13,"2,010"
"Plano city, Texas!!Percent","97,524",65.70%,34.30%,(X),(X),"2,010"
"Plano city, Texas!!Percent Margin of Error",(X),±2.4,±2.4,(X),(X),"2,010"
"San Antonio city, Texas!!Estimate","470,223","262,804","207,419",2.97,2.54,"2,010"
"San Antonio city, Texas!!Estimate Margin of Error","±4,982","±4,755","±4,854",±0.05,±0.06,"2,010"
"San Antonio city, Texas!!Percent","470,223",55.90%,44.10%,(X),(X),"2,010"
"San Antonio city, Texas!!Percent Margin of Error",(X),±0.9,±0.9,(X),(X),"2,010"
"Virginia Beach city, Virginia!!Estimate","164,300","107,949","56,351",2.7,2.55,"2,010"
"Virginia Beach city, Virginia!!Estimate Margin of Error","±2,574","±3,408","±3,577",±0.06,±0.09,"2,010"
"Virginia Beach city, Virginia!!Percent","164,300",65.70%,34.30%,(X),(X),"2,010"
"Virginia Beach city, Virginia!!Percent Margin of Error",(X),±2.0,±2.0,(X),(X),"2,010"
"Seattle city, Washington!!Estimate","277,520","130,208","147,312",2.38,1.85,"2,010"
"Seattle city, Washington!!Estimate Margin of Error","±5,743","±4,120","±4,747",±0.07,±0.05,"2,010"
"Seattle city, Washington!!Percent","277,520",46.90%,53.10%,(X),(X),"2,010"
"Seattle city, Washington!!Percent Margin of Error",(X),±1.2,±1.2,(X),(X),"2,010"
"Milwaukee city, Wisconsin!!Estimate","228,945","102,660","126,285",2.63,2.46,"2,010"
"Milwaukee city, Wisconsin!!Estimate Margin of Error","±3,762","±3,527","±3,755",±0.06,±0.05,"2,010"
"Milwaukee city, Wisconsin!!Percent","228,945",44.80%,55.20%,(X),(X),"2,010"
"Milwaukee city, Wisconsin!!Percent Margin of Error",(X),±1.4,±1.4,(X),(X),"2,010"
