﻿Label (Grouping),    Owner-occupied units,    Housing units with a mortgage,    Housing units without a mortgage,Year
"Anchorage municipality, Alaska!!Estimate","64,018","50,673","13,345","2,010"
"Anchorage municipality, Alaska!!Estimate Margin of Error","±2,242","±2,384","±1,593","2,010"
"Anchorage municipality, Alaska!!Percent","64,018",79.20%,20.80%,"2,010"
"Anchorage municipality, Alaska!!Percent Margin of Error",(X),±2.4,±2.4,"2,010"
"Mesa city, Arizona!!Estimate","100,527","69,419","31,108","2,010"
"Mesa city, Arizona!!Estimate Margin of Error","±4,072","±3,610","±2,472","2,010"
"Mesa city, Arizona!!Percent","100,527",69.10%,30.90%,"2,010"
"Mesa city, Arizona!!Percent Margin of Error",(X),±2.2,±2.2,"2,010"
"Phoenix city, Arizona!!Estimate","285,182","222,003","63,179","2,010"
"Phoenix city, Arizona!!Estimate Margin of Error","±7,086","±6,159","±3,888","2,010"
"Phoenix city, Arizona!!Percent","285,182",77.80%,22.20%,"2,010"
"Phoenix city, Arizona!!Percent Margin of Error",(X),±1.2,±1.2,"2,010"
"Tucson city, Arizona!!Estimate","105,875","74,723","31,152","2,010"
"Tucson city, Arizona!!Estimate Margin of Error","±4,535","±3,923","±2,568","2,010"
"Tucson city, Arizona!!Percent","105,875",70.60%,29.40%,"2,010"
"Tucson city, Arizona!!Percent Margin of Error",(X),±2.1,±2.1,"2,010"
"Anaheim city, California!!Estimate","48,584","37,063","11,521","2,010"
"Anaheim city, California!!Estimate Margin of Error","±2,753","±2,437","±1,424","2,010"
"Anaheim city, California!!Percent","48,584",76.30%,23.70%,"2,010"
"Anaheim city, California!!Percent Margin of Error",(X),±2.6,±2.6,"2,010"
"Bakersfield city, California!!Estimate","64,761","51,350","13,411","2,010"
"Bakersfield city, California!!Estimate Margin of Error","±3,103","±2,506","±1,626","2,010"
"Bakersfield city, California!!Percent","64,761",79.30%,20.70%,"2,010"
"Bakersfield city, California!!Percent Margin of Error",(X),±2.1,±2.1,"2,010"
"Fresno city, California!!Estimate","74,995","57,039","17,956","2,010"
"Fresno city, California!!Estimate Margin of Error","±3,481","±3,354","±1,915","2,010"
"Fresno city, California!!Percent","74,995",76.10%,23.90%,"2,010"
"Fresno city, California!!Percent Margin of Error",(X),±2.4,±2.4,"2,010"
"Irvine city, California!!Estimate","38,163","31,777","6,386","2,010"
"Irvine city, California!!Estimate Margin of Error","±2,550","±2,360","±1,179","2,010"
"Irvine city, California!!Percent","38,163",83.30%,16.70%,"2,010"
"Irvine city, California!!Percent Margin of Error",(X),±2.9,±2.9,"2,010"
"Long Beach city, California!!Estimate","62,682","48,547","14,135","2,010"
"Long Beach city, California!!Estimate Margin of Error","±2,749","±2,484","±1,835","2,010"
"Long Beach city, California!!Percent","62,682",77.40%,22.60%,"2,010"
"Long Beach city, California!!Percent Margin of Error",(X),±2.6,±2.6,"2,010"
"Los Angeles city, California!!Estimate","493,028","381,650","111,378","2,010"
"Los Angeles city, California!!Estimate Margin of Error","±7,998","±7,714","±4,601","2,010"
"Los Angeles city, California!!Percent","493,028",77.40%,22.60%,"2,010"
"Los Angeles city, California!!Percent Margin of Error",(X),±0.9,±0.9,"2,010"
"Oakland city, California!!Estimate","61,547","48,385","13,162","2,010"
"Oakland city, California!!Estimate Margin of Error","±3,357","±3,014","±1,530","2,010"
"Oakland city, California!!Percent","61,547",78.60%,21.40%,"2,010"
"Oakland city, California!!Percent Margin of Error",(X),±2.2,±2.2,"2,010"
"Riverside city, California!!Estimate","50,025","40,465","9,560","2,010"
"Riverside city, California!!Estimate Margin of Error","±2,848","±2,575","±1,302","2,010"
"Riverside city, California!!Percent","50,025",80.90%,19.10%,"2,010"
"Riverside city, California!!Percent Margin of Error",(X),±2.3,±2.3,"2,010"
"Sacramento city, California!!Estimate","86,950","63,186","23,764","2,010"
"Sacramento city, California!!Estimate Margin of Error","±4,208","±3,538","±2,225","2,010"
"Sacramento city, California!!Percent","86,950",72.70%,27.30%,"2,010"
"Sacramento city, California!!Percent Margin of Error",(X),±2.1,±2.1,"2,010"
"San Diego city, California!!Estimate","224,874","172,793","52,081","2,010"
"San Diego city, California!!Estimate Margin of Error","±5,989","±5,626","±3,302","2,010"
"San Diego city, California!!Percent","224,874",76.80%,23.20%,"2,010"
"San Diego city, California!!Percent Margin of Error",(X),±1.4,±1.4,"2,010"
"San Francisco city, California!!Estimate","123,128","84,904","38,224","2,010"
"San Francisco city, California!!Estimate Margin of Error","±4,317","±3,824","±2,719","2,010"
"San Francisco city, California!!Percent","123,128",69.00%,31.00%,"2,010"
"San Francisco city, California!!Percent Margin of Error",(X),±1.9,±1.9,"2,010"
"San Jose city, California!!Estimate","173,280","132,544","40,736","2,010"
"San Jose city, California!!Estimate Margin of Error","±4,849","±4,157","±2,731","2,010"
"San Jose city, California!!Percent","173,280",76.50%,23.50%,"2,010"
"San Jose city, California!!Percent Margin of Error",(X),±1.4,±1.4,"2,010"
"Santa Ana city, California!!Estimate","33,884","25,627","8,257","2,010"
"Santa Ana city, California!!Estimate Margin of Error","±2,319","±2,087","±1,189","2,010"
"Santa Ana city, California!!Percent","33,884",75.60%,24.40%,"2,010"
"Santa Ana city, California!!Percent Margin of Error",(X),±3.2,±3.2,"2,010"
"Stockton city, California!!Estimate","47,779","38,381","9,398","2,010"
"Stockton city, California!!Estimate Margin of Error","±2,647","±2,409","±1,241","2,010"
"Stockton city, California!!Percent","47,779",80.30%,19.70%,"2,010"
"Stockton city, California!!Percent Margin of Error",(X),±2.4,±2.4,"2,010"
"Aurora city, Colorado!!Estimate","72,736","60,461","12,275","2,010"
"Aurora city, Colorado!!Estimate Margin of Error","±3,039","±2,556","±1,445","2,010"
"Aurora city, Colorado!!Percent","72,736",83.10%,16.90%,"2,010"
"Aurora city, Colorado!!Percent Margin of Error",(X),±1.7,±1.7,"2,010"
"Colorado Springs city, Colorado!!Estimate","97,971","74,994","22,977","2,010"
"Colorado Springs city, Colorado!!Estimate Margin of Error","±3,063","±3,156","±1,942","2,010"
"Colorado Springs city, Colorado!!Percent","97,971",76.50%,23.50%,"2,010"
"Colorado Springs city, Colorado!!Percent Margin of Error",(X),±1.9,±1.9,"2,010"
"Denver city, Colorado!!Estimate","131,790","99,061","32,729","2,010"
"Denver city, Colorado!!Estimate Margin of Error","±3,587","±3,427","±2,073","2,010"
"Denver city, Colorado!!Percent","131,790",75.20%,24.80%,"2,010"
"Denver city, Colorado!!Percent Margin of Error",(X),±1.5,±1.5,"2,010"
"Washington city, District of Columbia!!Estimate","107,193","82,658","24,535","2,010"
"Washington city, District of Columbia!!Estimate Margin of Error","±3,924","±3,696","±1,627","2,010"
"Washington city, District of Columbia!!Percent","107,193",77.10%,22.90%,"2,010"
"Washington city, District of Columbia!!Percent Margin of Error",(X),±1.5,±1.5,"2,010"
"Jacksonville city, Florida!!Estimate","190,954","137,535","53,419","2,010"
"Jacksonville city, Florida!!Estimate Margin of Error","±5,481","±4,287","±3,280","2,010"
"Jacksonville city, Florida!!Percent","190,954",72.00%,28.00%,"2,010"
"Jacksonville city, Florida!!Percent Margin of Error",(X),±1.4,±1.4,"2,010"
"Miami city, Florida!!Estimate","47,978","30,713","17,265","2,010"
"Miami city, Florida!!Estimate Margin of Error","±3,345","±2,682","±1,993","2,010"
"Miami city, Florida!!Percent","47,978",64.00%,36.00%,"2,010"
"Miami city, Florida!!Percent Margin of Error",(X),±3.3,±3.3,"2,010"
"Orlando city, Florida!!Estimate","38,569","29,135","9,434","2,010"
"Orlando city, Florida!!Estimate Margin of Error","±2,955","±2,793","±1,489","2,010"
"Orlando city, Florida!!Percent","38,569",75.50%,24.50%,"2,010"
"Orlando city, Florida!!Percent Margin of Error",(X),±3.6,±3.6,"2,010"
"Tampa city, Florida!!Estimate","67,733","47,829","19,904","2,010"
"Tampa city, Florida!!Estimate Margin of Error","±3,405","±2,963","±2,096","2,010"
"Tampa city, Florida!!Percent","67,733",70.60%,29.40%,"2,010"
"Tampa city, Florida!!Percent Margin of Error",(X),±2.7,±2.7,"2,010"
"Atlanta city, Georgia!!Estimate","76,417","55,956","20,461","2,010"
"Atlanta city, Georgia!!Estimate Margin of Error","±3,983","±3,492","±2,244","2,010"
"Atlanta city, Georgia!!Percent","76,417",73.20%,26.80%,"2,010"
"Atlanta city, Georgia!!Percent Margin of Error",(X),±2.6,±2.6,"2,010"
"Chicago city, Illinois!!Estimate","465,248","345,324","119,924","2,010"
"Chicago city, Illinois!!Estimate Margin of Error","±8,385","±8,819","±4,826","2,010"
"Chicago city, Illinois!!Percent","465,248",74.20%,25.80%,"2,010"
"Chicago city, Illinois!!Percent Margin of Error",(X),±1.1,±1.1,"2,010"
"Indianapolis city (balance), Indiana!!Estimate","183,332","140,810","42,522","2,010"
"Indianapolis city (balance), Indiana!!Estimate Margin of Error","±4,460","±4,226","±2,678","2,010"
"Indianapolis city (balance), Indiana!!Percent","183,332",76.80%,23.20%,"2,010"
"Indianapolis city (balance), Indiana!!Percent Margin of Error",(X),±1.3,±1.3,"2,010"
"Wichita city, Kansas!!Estimate","92,297","64,723","27,574","2,010"
"Wichita city, Kansas!!Estimate Margin of Error","±2,886","±2,836","±1,927","2,010"
"Wichita city, Kansas!!Percent","92,297",70.10%,29.90%,"2,010"
"Wichita city, Kansas!!Percent Margin of Error",(X),±2.0,±2.0,"2,010"
"New Orleans city, Louisiana!!Estimate","71,457","43,077","28,380","2,010"
"New Orleans city, Louisiana!!Estimate Margin of Error","±2,896","±2,746","±1,896","2,010"
"New Orleans city, Louisiana!!Percent","71,457",60.30%,39.70%,"2,010"
"New Orleans city, Louisiana!!Percent Margin of Error",(X),±2.5,±2.5,"2,010"
"Baltimore city, Maryland!!Estimate","109,283","76,930","32,353","2,010"
"Baltimore city, Maryland!!Estimate Margin of Error","±3,391","±3,160","±2,151","2,010"
"Baltimore city, Maryland!!Percent","109,283",70.40%,29.60%,"2,010"
"Baltimore city, Maryland!!Percent Margin of Error",(X),±1.8,±1.8,"2,010"
"Boston city, Massachusetts!!Estimate","81,770","61,459","20,311","2,010"
"Boston city, Massachusetts!!Estimate Margin of Error","±3,771","±3,131","±1,872","2,010"
"Boston city, Massachusetts!!Percent","81,770",75.20%,24.80%,"2,010"
"Boston city, Massachusetts!!Percent Margin of Error",(X),±1.9,±1.9,"2,010"
"Detroit city, Michigan!!Estimate","135,864","75,272","60,592","2,010"
"Detroit city, Michigan!!Estimate Margin of Error","±4,539","±4,110","±3,203","2,010"
"Detroit city, Michigan!!Percent","135,864",55.40%,44.60%,"2,010"
"Detroit city, Michigan!!Percent Margin of Error",(X),±2.1,±2.1,"2,010"
"Minneapolis city, Minnesota!!Estimate","82,288","63,479","18,809","2,010"
"Minneapolis city, Minnesota!!Estimate Margin of Error","±3,562","±2,971","±1,928","2,010"
"Minneapolis city, Minnesota!!Percent","82,288",77.10%,22.90%,"2,010"
"Minneapolis city, Minnesota!!Percent Margin of Error",(X),±2.0,±2.0,"2,010"
"St. Paul city, Minnesota!!Estimate","56,517","43,022","13,495","2,010"
"St. Paul city, Minnesota!!Estimate Margin of Error","±2,748","±2,540","±1,467","2,010"
"St. Paul city, Minnesota!!Percent","56,517",76.10%,23.90%,"2,010"
"St. Paul city, Minnesota!!Percent Margin of Error",(X),±2.4,±2.4,"2,010"
"Lincoln city, Nebraska!!Estimate","59,237","42,518","16,719","2,010"
"Lincoln city, Nebraska!!Estimate Margin of Error","±2,274","±2,195","±1,569","2,010"
"Lincoln city, Nebraska!!Percent","59,237",71.80%,28.20%,"2,010"
"Lincoln city, Nebraska!!Percent Margin of Error",(X),±2.4,±2.4,"2,010"
"Omaha city, Nebraska!!Estimate","95,584","66,191","29,393","2,010"
"Omaha city, Nebraska!!Estimate Margin of Error","±2,846","±2,718","±1,866","2,010"
"Omaha city, Nebraska!!Percent","95,584",69.20%,30.80%,"2,010"
"Omaha city, Nebraska!!Percent Margin of Error",(X),±1.8,±1.8,"2,010"
"Henderson city, Nevada!!Estimate","63,829","51,205","12,624","2,010"
"Henderson city, Nevada!!Estimate Margin of Error","±3,116","±3,088","±1,784","2,010"
"Henderson city, Nevada!!Percent","63,829",80.20%,19.80%,"2,010"
"Henderson city, Nevada!!Percent Margin of Error",(X),±2.7,±2.7,"2,010"
"Las Vegas city, Nevada!!Estimate","113,974","89,944","24,030","2,010"
"Las Vegas city, Nevada!!Estimate Margin of Error","±4,344","±4,516","±1,828","2,010"
"Las Vegas city, Nevada!!Percent","113,974",78.90%,21.10%,"2,010"
"Las Vegas city, Nevada!!Percent Margin of Error",(X),±1.7,±1.7,"2,010"
"Jersey City city, New Jersey!!Estimate","28,744",N,N,"2,010"
"Jersey City city, New Jersey!!Estimate Margin of Error","±2,462",N,N,"2,010"
"Jersey City city, New Jersey!!Percent","28,744",N,N,"2,010"
"Jersey City city, New Jersey!!Percent Margin of Error",(X),N,N,"2,010"
"Newark city, New Jersey!!Estimate","21,695",N,N,"2,010"
"Newark city, New Jersey!!Estimate Margin of Error","±1,932",N,N,"2,010"
"Newark city, New Jersey!!Percent","21,695",N,N,"2,010"
"Newark city, New Jersey!!Percent Margin of Error",(X),N,N,"2,010"
"Albuquerque city, New Mexico!!Estimate","133,505","96,762","36,743","2,010"
"Albuquerque city, New Mexico!!Estimate Margin of Error","±3,890","±3,518","±2,662","2,010"
"Albuquerque city, New Mexico!!Percent","133,505",72.50%,27.50%,"2,010"
"Albuquerque city, New Mexico!!Percent Margin of Error",(X),±1.8,±1.8,"2,010"
"New York city, New York!!Estimate","976,294","626,595","349,699","2,010"
"New York city, New York!!Estimate Margin of Error","±11,064","±10,212","±7,644","2,010"
"New York city, New York!!Percent","976,294",64.20%,35.80%,"2,010"
"New York city, New York!!Percent Margin of Error",(X),±0.7,±0.7,"2,010"
"Greensboro city, North Carolina!!Estimate","58,373","42,778","15,595","2,010"
"Greensboro city, North Carolina!!Estimate Margin of Error","±2,797","±2,643","±1,807","2,010"
"Greensboro city, North Carolina!!Percent","58,373",73.30%,26.70%,"2,010"
"Greensboro city, North Carolina!!Percent Margin of Error",(X),±2.8,±2.8,"2,010"
"Cincinnati city, Ohio!!Estimate","53,430","40,816","12,614","2,010"
"Cincinnati city, Ohio!!Estimate Margin of Error","±3,174","±3,152","±1,190","2,010"
"Cincinnati city, Ohio!!Percent","53,430",76.40%,23.60%,"2,010"
"Cincinnati city, Ohio!!Percent Margin of Error",(X),±2.4,±2.4,"2,010"
"Cleveland city, Ohio!!Estimate","77,462","52,011","25,451","2,010"
"Cleveland city, Ohio!!Estimate Margin of Error","±3,356","±2,594","±2,381","2,010"
"Cleveland city, Ohio!!Percent","77,462",67.10%,32.90%,"2,010"
"Cleveland city, Ohio!!Percent Margin of Error",(X),±2.4,±2.4,"2,010"
"Columbus city, Ohio!!Estimate","151,463","120,004","31,459","2,010"
"Columbus city, Ohio!!Estimate Margin of Error","±4,653","±4,385","±2,310","2,010"
"Columbus city, Ohio!!Percent","151,463",79.20%,20.80%,"2,010"
"Columbus city, Ohio!!Percent Margin of Error",(X),±1.4,±1.4,"2,010"
"Tulsa city, Oklahoma!!Estimate","88,872","55,881","32,991","2,010"
"Tulsa city, Oklahoma!!Estimate Margin of Error","±3,044","±2,744","±2,159","2,010"
"Tulsa city, Oklahoma!!Percent","88,872",62.90%,37.10%,"2,010"
"Tulsa city, Oklahoma!!Percent Margin of Error",(X),±2.1,±2.1,"2,010"
"Portland city, Oregon!!Estimate","129,761","100,347","29,414","2,010"
"Portland city, Oregon!!Estimate Margin of Error","±2,956","±3,161","±1,756","2,010"
"Portland city, Oregon!!Percent","129,761",77.30%,22.70%,"2,010"
"Portland city, Oregon!!Percent Margin of Error",(X),±1.4,±1.4,"2,010"
"Philadelphia city, Pennsylvania!!Estimate","311,284","185,094","126,190","2,010"
"Philadelphia city, Pennsylvania!!Estimate Margin of Error","±6,713","±6,391","±4,615","2,010"
"Philadelphia city, Pennsylvania!!Percent","311,284",59.50%,40.50%,"2,010"
"Philadelphia city, Pennsylvania!!Percent Margin of Error",(X),±1.4,±1.4,"2,010"
"Pittsburgh city, Pennsylvania!!Estimate","66,693","39,263","27,430","2,010"
"Pittsburgh city, Pennsylvania!!Estimate Margin of Error","±2,965","±2,571","±2,355","2,010"
"Pittsburgh city, Pennsylvania!!Percent","66,693",58.90%,41.10%,"2,010"
"Pittsburgh city, Pennsylvania!!Percent Margin of Error",(X),±2.9,±2.9,"2,010"
"Memphis city, Tennessee!!Estimate","125,745","90,965","34,780","2,010"
"Memphis city, Tennessee!!Estimate Margin of Error","±3,852","±3,414","±2,714","2,010"
"Memphis city, Tennessee!!Percent","125,745",72.30%,27.70%,"2,010"
"Memphis city, Tennessee!!Percent Margin of Error",(X),±1.9,±1.9,"2,010"
"Arlington city, Texas!!Estimate","76,848","56,846","20,002","2,010"
"Arlington city, Texas!!Estimate Margin of Error","±3,778","±3,428","±1,955","2,010"
"Arlington city, Texas!!Percent","76,848",74.00%,26.00%,"2,010"
"Arlington city, Texas!!Percent Margin of Error",(X),±2.3,±2.3,"2,010"
"Austin city, Texas!!Estimate","145,720","105,750","39,970","2,010"
"Austin city, Texas!!Estimate Margin of Error","±4,888","±4,067","±3,071","2,010"
"Austin city, Texas!!Percent","145,720",72.60%,27.40%,"2,010"
"Austin city, Texas!!Percent Margin of Error",(X),±1.8,±1.8,"2,010"
"Corpus Christi city, Texas!!Estimate","64,265","37,190","27,075","2,010"
"Corpus Christi city, Texas!!Estimate Margin of Error","±3,158","±3,106","±2,156","2,010"
"Corpus Christi city, Texas!!Percent","64,265",57.90%,42.10%,"2,010"
"Corpus Christi city, Texas!!Percent Margin of Error",(X),±3.2,±3.2,"2,010"
"Dallas city, Texas!!Estimate","194,231","128,479","65,752","2,010"
"Dallas city, Texas!!Estimate Margin of Error","±4,868","±4,420","±3,561","2,010"
"Dallas city, Texas!!Percent","194,231",66.10%,33.90%,"2,010"
"Dallas city, Texas!!Percent Margin of Error",(X),±1.6,±1.6,"2,010"
"El Paso city, Texas!!Estimate","125,754","77,933","47,821","2,010"
"El Paso city, Texas!!Estimate Margin of Error","±3,894","±3,886","±3,057","2,010"
"El Paso city, Texas!!Percent","125,754",62.00%,38.00%,"2,010"
"El Paso city, Texas!!Percent Margin of Error",(X),±2.2,±2.2,"2,010"
"Houston city, Texas!!Estimate","352,374","212,755","139,619","2,010"
"Houston city, Texas!!Estimate Margin of Error","±6,158","±5,327","±4,999","2,010"
"Houston city, Texas!!Percent","352,374",60.40%,39.60%,"2,010"
"Houston city, Texas!!Percent Margin of Error",(X),±1.2,±1.2,"2,010"
"Plano city, Texas!!Estimate","64,034","48,750","15,284","2,010"
"Plano city, Texas!!Estimate Margin of Error","±2,588","±2,339","±1,745","2,010"
"Plano city, Texas!!Percent","64,034",76.10%,23.90%,"2,010"
"Plano city, Texas!!Percent Margin of Error",(X),±2.4,±2.4,"2,010"
"San Antonio city, Texas!!Estimate","262,804","171,118","91,686","2,010"
"San Antonio city, Texas!!Estimate Margin of Error","±4,755","±5,168","±3,521","2,010"
"San Antonio city, Texas!!Percent","262,804",65.10%,34.90%,"2,010"
"San Antonio city, Texas!!Percent Margin of Error",(X),±1.3,±1.3,"2,010"
"Virginia Beach city, Virginia!!Estimate","107,949","86,690","21,259","2,010"
"Virginia Beach city, Virginia!!Estimate Margin of Error","±3,408","±3,374","±1,819","2,010"
"Virginia Beach city, Virginia!!Percent","107,949",80.30%,19.70%,"2,010"
"Virginia Beach city, Virginia!!Percent Margin of Error",(X),±1.6,±1.6,"2,010"
"Seattle city, Washington!!Estimate","130,208","99,535","30,673","2,010"
"Seattle city, Washington!!Estimate Margin of Error","±4,120","±3,532","±2,413","2,010"
"Seattle city, Washington!!Percent","130,208",76.40%,23.60%,"2,010"
"Seattle city, Washington!!Percent Margin of Error",(X),±1.6,±1.6,"2,010"
"Milwaukee city, Wisconsin!!Estimate","102,660","73,578","29,082","2,010"
"Milwaukee city, Wisconsin!!Estimate Margin of Error","±3,527","±3,180","±2,273","2,010"
"Milwaukee city, Wisconsin!!Percent","102,660",71.70%,28.30%,"2,010"
"Milwaukee city, Wisconsin!!Percent Margin of Error",(X),±2.0,±2.0,"2,010"
