﻿Label (Grouping),    Occupied housing units,    1.00 or less,    1.01 to 1.50,    1.51 or more,Year
"Anchorage municipality, Alaska!!Estimate","104,993","100,666","3,120","1,207","2,010"
"Anchorage municipality, Alaska!!Estimate Margin of Error","±2,002","±2,274",±864,±525,"2,010"
"Anchorage municipality, Alaska!!Percent","104,993",95.90%,3.00%,1.10%,"2,010"
"Anchorage municipality, Alaska!!Percent Margin of Error",(X),±1.0,±0.8,±0.5,"2,010"
"Mesa city, Arizona!!Estimate","162,691","155,879","4,973","1,839","2,010"
"Mesa city, Arizona!!Estimate Margin of Error","±4,466","±5,181","±1,289",±946,"2,010"
"Mesa city, Arizona!!Percent","162,691",95.80%,3.10%,1.10%,"2,010"
"Mesa city, Arizona!!Percent Margin of Error",(X),±1.0,±0.8,±0.6,"2,010"
"Phoenix city, Arizona!!Estimate","511,432","478,365","22,900","10,167","2,010"
"Phoenix city, Arizona!!Estimate Margin of Error","±7,172","±8,323","±2,767","±1,770","2,010"
"Phoenix city, Arizona!!Percent","511,432",93.50%,4.50%,2.00%,"2,010"
"Phoenix city, Arizona!!Percent Margin of Error",(X),±0.6,±0.6,±0.4,"2,010"
"Tucson city, Arizona!!Estimate","201,761","191,645","6,793","3,323","2,010"
"Tucson city, Arizona!!Estimate Margin of Error","±4,584","±4,997","±1,197",±978,"2,010"
"Tucson city, Arizona!!Percent","201,761",95.00%,3.40%,1.60%,"2,010"
"Tucson city, Arizona!!Percent Margin of Error",(X),±0.9,±0.6,±0.5,"2,010"
"Anaheim city, California!!Estimate","100,404","80,926","11,767","7,711","2,010"
"Anaheim city, California!!Estimate Margin of Error","±3,112","±4,324","±1,798","±1,478","2,010"
"Anaheim city, California!!Percent","100,404",80.60%,11.70%,7.70%,"2,010"
"Anaheim city, California!!Percent Margin of Error",(X),±2.4,±1.9,±1.5,"2,010"
"Bakersfield city, California!!Estimate","109,420","101,780","5,386","2,254","2,010"
"Bakersfield city, California!!Estimate Margin of Error","±3,039","±3,574","±1,276",±820,"2,010"
"Bakersfield city, California!!Percent","109,420",93.00%,4.90%,2.10%,"2,010"
"Bakersfield city, California!!Percent Margin of Error",(X),±1.4,±1.2,±0.8,"2,010"
"Fresno city, California!!Estimate","152,890","134,776","9,903","8,211","2,010"
"Fresno city, California!!Estimate Margin of Error","±3,242","±4,056","±1,559","±1,595","2,010"
"Fresno city, California!!Percent","152,890",88.20%,6.50%,5.40%,"2,010"
"Fresno city, California!!Percent Margin of Error",(X),±1.5,±1.0,±1.1,"2,010"
"Irvine city, California!!Estimate","76,172","74,141","1,660",371,"2,010"
"Irvine city, California!!Estimate Margin of Error","±2,460","±2,613",±570,±273,"2,010"
"Irvine city, California!!Percent","76,172",97.30%,2.20%,0.50%,"2,010"
"Irvine city, California!!Percent Margin of Error",(X),±0.9,±0.8,±0.4,"2,010"
"Long Beach city, California!!Estimate","158,386","139,044","11,606","7,736","2,010"
"Long Beach city, California!!Estimate Margin of Error","±4,102","±4,881","±1,348","±1,523","2,010"
"Long Beach city, California!!Percent","158,386",87.80%,7.30%,4.90%,"2,010"
"Long Beach city, California!!Percent Margin of Error",(X),±1.2,±0.9,±1.0,"2,010"
"Los Angeles city, California!!Estimate","1,310,259","1,119,306","93,090","97,863","2,010"
"Los Angeles city, California!!Estimate Margin of Error","±9,520","±11,443","±3,922","±4,689","2,010"
"Los Angeles city, California!!Percent","1,310,259",85.40%,7.10%,7.50%,"2,010"
"Los Angeles city, California!!Percent Margin of Error",(X),±0.5,±0.3,±0.4,"2,010"
"Oakland city, California!!Estimate","151,808","140,409","7,811","3,588","2,010"
"Oakland city, California!!Estimate Margin of Error","±3,746","±4,217","±1,329","±1,086","2,010"
"Oakland city, California!!Percent","151,808",92.50%,5.10%,2.40%,"2,010"
"Oakland city, California!!Percent Margin of Error",(X),±1.1,±0.9,±0.7,"2,010"
"Riverside city, California!!Estimate","87,752","78,688","7,156","1,908","2,010"
"Riverside city, California!!Estimate Margin of Error","±3,694","±4,605","±1,403",±721,"2,010"
"Riverside city, California!!Percent","87,752",89.70%,8.20%,2.20%,"2,010"
"Riverside city, California!!Percent Margin of Error",(X),±2.0,±1.7,±0.9,"2,010"
"Sacramento city, California!!Estimate","176,168","167,687","6,109","2,372","2,010"
"Sacramento city, California!!Estimate Margin of Error","±5,046","±5,412","±1,376",±875,"2,010"
"Sacramento city, California!!Percent","176,168",95.20%,3.50%,1.30%,"2,010"
"Sacramento city, California!!Percent Margin of Error",(X),±0.9,±0.8,±0.5,"2,010"
"San Diego city, California!!Estimate","469,635","433,911","20,259","15,465","2,010"
"San Diego city, California!!Estimate Margin of Error","±6,664","±7,263","±2,089","±2,147","2,010"
"San Diego city, California!!Percent","469,635",92.40%,4.30%,3.30%,"2,010"
"San Diego city, California!!Percent Margin of Error",(X),±0.7,±0.5,±0.5,"2,010"
"San Francisco city, California!!Estimate","336,012","315,595","9,151","11,266","2,010"
"San Francisco city, California!!Estimate Margin of Error","±4,358","±4,695","±1,795","±1,982","2,010"
"San Francisco city, California!!Percent","336,012",93.90%,2.70%,3.40%,"2,010"
"San Francisco city, California!!Percent Margin of Error",(X),±0.7,±0.5,±0.6,"2,010"
"San Jose city, California!!Estimate","297,637","267,796","20,201","9,640","2,010"
"San Jose city, California!!Estimate Margin of Error","±4,429","±5,330","±2,459","±1,813","2,010"
"San Jose city, California!!Percent","297,637",90.00%,6.80%,3.20%,"2,010"
"San Jose city, California!!Percent Margin of Error",(X),±0.9,±0.8,±0.6,"2,010"
"Santa Ana city, California!!Estimate","71,288","48,029","13,242","10,017","2,010"
"Santa Ana city, California!!Estimate Margin of Error","±2,600","±3,123","±1,465","±1,496","2,010"
"Santa Ana city, California!!Percent","71,288",67.40%,18.60%,14.10%,"2,010"
"Santa Ana city, California!!Percent Margin of Error",(X),±2.7,±2.1,±2.2,"2,010"
"Stockton city, California!!Estimate","91,200","81,122","7,416","2,662","2,010"
"Stockton city, California!!Estimate Margin of Error","±2,669","±3,184","±1,365",±787,"2,010"
"Stockton city, California!!Percent","91,200",88.90%,8.10%,2.90%,"2,010"
"Stockton city, California!!Percent Margin of Error",(X),±1.8,±1.5,±0.9,"2,010"
"Aurora city, Colorado!!Estimate","119,559","112,777","4,790","1,992","2,010"
"Aurora city, Colorado!!Estimate Margin of Error","±3,177","±3,763","±1,264",±805,"2,010"
"Aurora city, Colorado!!Percent","119,559",94.30%,4.00%,1.70%,"2,010"
"Aurora city, Colorado!!Percent Margin of Error",(X),±1.2,±1.1,±0.7,"2,010"
"Colorado Springs city, Colorado!!Estimate","167,361","163,456","3,292",613,"2,010"
"Colorado Springs city, Colorado!!Estimate Margin of Error","±3,084","±3,635","±1,081",±425,"2,010"
"Colorado Springs city, Colorado!!Percent","167,361",97.70%,2.00%,0.40%,"2,010"
"Colorado Springs city, Colorado!!Percent Margin of Error",(X),±0.7,±0.7,±0.3,"2,010"
"Denver city, Colorado!!Estimate","262,093","251,739","7,619","2,735","2,010"
"Denver city, Colorado!!Estimate Margin of Error","±3,662","±3,827","±1,464",±899,"2,010"
"Denver city, Colorado!!Percent","262,093",96.00%,2.90%,1.00%,"2,010"
"Denver city, Colorado!!Percent Margin of Error",(X),±0.6,±0.6,±0.3,"2,010"
"Washington city, District of Columbia!!Estimate","252,388","245,317","4,215","2,856","2,010"
"Washington city, District of Columbia!!Estimate Margin of Error","±3,730","±4,088",±932,±845,"2,010"
"Washington city, District of Columbia!!Percent","252,388",97.20%,1.70%,1.10%,"2,010"
"Washington city, District of Columbia!!Percent Margin of Error",(X),±0.5,±0.4,±0.3,"2,010"
"Jacksonville city, Florida!!Estimate","308,173","302,209","4,537","1,427","2,010"
"Jacksonville city, Florida!!Estimate Margin of Error","±6,302","±6,321","±1,213",±826,"2,010"
"Jacksonville city, Florida!!Percent","308,173",98.10%,1.50%,0.50%,"2,010"
"Jacksonville city, Florida!!Percent Margin of Error",(X),±0.4,±0.4,±0.3,"2,010"
"Miami city, Florida!!Estimate","145,822","135,114","7,435","3,273","2,010"
"Miami city, Florida!!Estimate Margin of Error","±4,810","±5,352","±1,420",±944,"2,010"
"Miami city, Florida!!Percent","145,822",92.70%,5.10%,2.20%,"2,010"
"Miami city, Florida!!Percent Margin of Error",(X),±1.3,±1.0,±0.7,"2,010"
"Orlando city, Florida!!Estimate","96,753","94,241","2,237",275,"2,010"
"Orlando city, Florida!!Estimate Margin of Error","±3,793","±3,920",±707,±286,"2,010"
"Orlando city, Florida!!Percent","96,753",97.40%,2.30%,0.30%,"2,010"
"Orlando city, Florida!!Percent Margin of Error",(X),±0.7,±0.7,±0.3,"2,010"
"Tampa city, Florida!!Estimate","133,070","130,505","2,186",379,"2,010"
"Tampa city, Florida!!Estimate Margin of Error","±3,857","±4,040",±836,±368,"2,010"
"Tampa city, Florida!!Percent","133,070",98.10%,1.60%,0.30%,"2,010"
"Tampa city, Florida!!Percent Margin of Error",(X),±0.7,±0.6,±0.3,"2,010"
"Atlanta city, Georgia!!Estimate","172,159","166,633","4,218","1,308","2,010"
"Atlanta city, Georgia!!Estimate Margin of Error","±5,268","±5,527","±1,129",±597,"2,010"
"Atlanta city, Georgia!!Percent","172,159",96.80%,2.50%,0.80%,"2,010"
"Atlanta city, Georgia!!Percent Margin of Error",(X),±0.8,±0.7,±0.3,"2,010"
"Chicago city, Illinois!!Estimate","1,014,576","967,869","31,947","14,760","2,010"
"Chicago city, Illinois!!Estimate Margin of Error","±8,579","±9,330","±3,000","±2,214","2,010"
"Chicago city, Illinois!!Percent","1,014,576",95.40%,3.10%,1.50%,"2,010"
"Chicago city, Illinois!!Percent Margin of Error",(X),±0.4,±0.3,±0.2,"2,010"
"Indianapolis city (balance), Indiana!!Estimate","322,700","315,702","5,842","1,156","2,010"
"Indianapolis city (balance), Indiana!!Estimate Margin of Error","±5,582","±5,588","±1,264",±579,"2,010"
"Indianapolis city (balance), Indiana!!Percent","322,700",97.80%,1.80%,0.40%,"2,010"
"Indianapolis city (balance), Indiana!!Percent Margin of Error",(X),±0.4,±0.4,±0.2,"2,010"
"Wichita city, Kansas!!Estimate","149,648","146,576","2,288",784,"2,010"
"Wichita city, Kansas!!Estimate Margin of Error","±2,521","±2,677",±812,±460,"2,010"
"Wichita city, Kansas!!Percent","149,648",97.90%,1.50%,0.50%,"2,010"
"Wichita city, Kansas!!Percent Margin of Error",(X),±0.6,±0.5,±0.3,"2,010"
"New Orleans city, Louisiana!!Estimate","142,093","135,924","4,559","1,610","2,010"
"New Orleans city, Louisiana!!Estimate Margin of Error","±3,457","±3,351","±1,174",±608,"2,010"
"New Orleans city, Louisiana!!Percent","142,093",95.70%,3.20%,1.10%,"2,010"
"New Orleans city, Louisiana!!Percent Margin of Error",(X),±0.9,±0.8,±0.4,"2,010"
"Baltimore city, Maryland!!Estimate","237,945","232,308","3,690","1,947","2,010"
"Baltimore city, Maryland!!Estimate Margin of Error","±4,515","±4,534","±1,035",±714,"2,010"
"Baltimore city, Maryland!!Percent","237,945",97.60%,1.60%,0.80%,"2,010"
"Baltimore city, Maryland!!Percent Margin of Error",(X),±0.5,±0.4,±0.3,"2,010"
"Boston city, Massachusetts!!Estimate","251,721","246,252","3,443","2,026","2,010"
"Boston city, Massachusetts!!Estimate Margin of Error","±4,587","±4,866","±1,046",±752,"2,010"
"Boston city, Massachusetts!!Percent","251,721",97.80%,1.40%,0.80%,"2,010"
"Boston city, Massachusetts!!Percent Margin of Error",(X),±0.5,±0.4,±0.3,"2,010"
"Detroit city, Michigan!!Estimate","255,201","246,341","5,820","3,040","2,010"
"Detroit city, Michigan!!Estimate Margin of Error","±5,059","±5,312","±1,238",±775,"2,010"
"Detroit city, Michigan!!Percent","255,201",96.50%,2.30%,1.20%,"2,010"
"Detroit city, Michigan!!Percent Margin of Error",(X),±0.6,±0.5,±0.3,"2,010"
"Minneapolis city, Minnesota!!Estimate","165,798","161,054","3,541","1,203","2,010"
"Minneapolis city, Minnesota!!Estimate Margin of Error","±3,861","±4,024",±914,±695,"2,010"
"Minneapolis city, Minnesota!!Percent","165,798",97.10%,2.10%,0.70%,"2,010"
"Minneapolis city, Minnesota!!Percent Margin of Error",(X),±0.5,±0.6,±0.4,"2,010"
"St. Paul city, Minnesota!!Estimate","110,088","104,106","3,952","2,030","2,010"
"St. Paul city, Minnesota!!Estimate Margin of Error","±2,941","±3,258","±1,055",±777,"2,010"
"St. Paul city, Minnesota!!Percent","110,088",94.60%,3.60%,1.80%,"2,010"
"St. Paul city, Minnesota!!Percent Margin of Error",(X),±1.2,±1.0,±0.7,"2,010"
"Lincoln city, Nebraska!!Estimate","104,286","101,296","2,516",474,"2,010"
"Lincoln city, Nebraska!!Estimate Margin of Error","±1,919","±2,276",±939,±385,"2,010"
"Lincoln city, Nebraska!!Percent","104,286",97.10%,2.40%,0.50%,"2,010"
"Lincoln city, Nebraska!!Percent Margin of Error",(X),±1.0,±0.9,±0.4,"2,010"
"Omaha city, Nebraska!!Estimate","163,411","159,013","3,424",974,"2,010"
"Omaha city, Nebraska!!Estimate Margin of Error","±2,894","±2,854",±873,±506,"2,010"
"Omaha city, Nebraska!!Percent","163,411",97.30%,2.10%,0.60%,"2,010"
"Omaha city, Nebraska!!Percent Margin of Error",(X),±0.6,±0.5,±0.3,"2,010"
"Henderson city, Nevada!!Estimate","99,095","96,983","1,646",466,"2,010"
"Henderson city, Nevada!!Estimate Margin of Error","±3,059","±3,367",±765,±437,"2,010"
"Henderson city, Nevada!!Percent","99,095",97.90%,1.70%,0.50%,"2,010"
"Henderson city, Nevada!!Percent Margin of Error",(X),±0.9,±0.8,±0.4,"2,010"
"Las Vegas city, Nevada!!Estimate","210,950","200,896","5,937","4,117","2,010"
"Las Vegas city, Nevada!!Estimate Margin of Error","±4,737","±5,162","±1,304","±1,177","2,010"
"Las Vegas city, Nevada!!Percent","210,950",95.20%,2.80%,2.00%,"2,010"
"Las Vegas city, Nevada!!Percent Margin of Error",(X),±0.7,±0.6,±0.6,"2,010"
"Jersey City city, New Jersey!!Estimate","92,649","87,025","3,890","1,734","2,010"
"Jersey City city, New Jersey!!Estimate Margin of Error","±2,709","±3,191","±1,150",±550,"2,010"
"Jersey City city, New Jersey!!Percent","92,649",93.90%,4.20%,1.90%,"2,010"
"Jersey City city, New Jersey!!Percent Margin of Error",(X),±1.4,±1.3,±0.6,"2,010"
"Newark city, New Jersey!!Estimate","91,414","84,492","4,377","2,545","2,010"
"Newark city, New Jersey!!Estimate Margin of Error","±3,236","±3,502","±1,072",±815,"2,010"
"Newark city, New Jersey!!Percent","91,414",92.40%,4.80%,2.80%,"2,010"
"Newark city, New Jersey!!Percent Margin of Error",(X),±1.3,±1.2,±0.9,"2,010"
"Albuquerque city, New Mexico!!Estimate","223,505","217,972","3,852","1,681","2,010"
"Albuquerque city, New Mexico!!Estimate Margin of Error","±2,539","±2,727","±1,022",±752,"2,010"
"Albuquerque city, New Mexico!!Percent","223,505",97.50%,1.70%,0.80%,"2,010"
"Albuquerque city, New Mexico!!Percent Margin of Error",(X),±0.6,±0.5,±0.3,"2,010"
"New York city, New York!!Estimate","3,039,467","2,763,104","177,219","99,144","2,010"
"New York city, New York!!Estimate Margin of Error","±11,288","±12,234","±7,050","±4,230","2,010"
"New York city, New York!!Percent","3,039,467",90.90%,5.80%,3.30%,"2,010"
"New York city, New York!!Percent Margin of Error",(X),±0.3,±0.2,±0.1,"2,010"
"Greensboro city, North Carolina!!Estimate","109,255","106,541","2,015",699,"2,010"
"Greensboro city, North Carolina!!Estimate Margin of Error","±3,387","±3,655",±792,±429,"2,010"
"Greensboro city, North Carolina!!Percent","109,255",97.50%,1.80%,0.60%,"2,010"
"Greensboro city, North Carolina!!Percent Margin of Error",(X),±0.8,±0.7,±0.4,"2,010"
"Cincinnati city, Ohio!!Estimate","126,145","122,614","2,275","1,256","2,010"
"Cincinnati city, Ohio!!Estimate Margin of Error","±4,336","±4,325",±821,±649,"2,010"
"Cincinnati city, Ohio!!Percent","126,145",97.20%,1.80%,1.00%,"2,010"
"Cincinnati city, Ohio!!Percent Margin of Error",(X),±0.8,±0.6,±0.5,"2,010"
"Cleveland city, Ohio!!Estimate","164,990","163,242","1,152",596,"2,010"
"Cleveland city, Ohio!!Estimate Margin of Error","±4,095","±4,133",±567,±410,"2,010"
"Cleveland city, Ohio!!Percent","164,990",98.90%,0.70%,0.40%,"2,010"
"Cleveland city, Ohio!!Percent Margin of Error",(X),±0.4,±0.3,±0.2,"2,010"
"Columbus city, Ohio!!Estimate","319,428","310,869","7,049","1,510","2,010"
"Columbus city, Ohio!!Estimate Margin of Error","±4,797","±5,039","±1,385",±495,"2,010"
"Columbus city, Ohio!!Percent","319,428",97.30%,2.20%,0.50%,"2,010"
"Columbus city, Ohio!!Percent Margin of Error",(X),±0.5,±0.4,±0.2,"2,010"
"Tulsa city, Oklahoma!!Estimate","163,173","158,108","4,126",939,"2,010"
"Tulsa city, Oklahoma!!Estimate Margin of Error","±2,981","±3,331",±911,±547,"2,010"
"Tulsa city, Oklahoma!!Percent","163,173",96.90%,2.50%,0.60%,"2,010"
"Tulsa city, Oklahoma!!Percent Margin of Error",(X),±0.7,±0.6,±0.3,"2,010"
"Portland city, Oregon!!Estimate","244,192","236,310","5,508","2,374","2,010"
"Portland city, Oregon!!Estimate Margin of Error","±3,559","±4,040","±1,155",±738,"2,010"
"Portland city, Oregon!!Percent","244,192",96.80%,2.30%,1.00%,"2,010"
"Portland city, Oregon!!Percent Margin of Error",(X),±0.6,±0.5,±0.3,"2,010"
"Philadelphia city, Pennsylvania!!Estimate","575,413","562,530","9,279","3,604","2,010"
"Philadelphia city, Pennsylvania!!Estimate Margin of Error","±6,623","±6,768","±1,537","±1,099","2,010"
"Philadelphia city, Pennsylvania!!Percent","575,413",97.80%,1.60%,0.60%,"2,010"
"Philadelphia city, Pennsylvania!!Percent Margin of Error",(X),±0.3,±0.3,±0.2,"2,010"
"Pittsburgh city, Pennsylvania!!Estimate","129,828","128,846",543,439,"2,010"
"Pittsburgh city, Pennsylvania!!Estimate Margin of Error","±3,843","±3,826",±371,±385,"2,010"
"Pittsburgh city, Pennsylvania!!Percent","129,828",99.20%,0.40%,0.30%,"2,010"
"Pittsburgh city, Pennsylvania!!Percent Margin of Error",(X),±0.4,±0.3,±0.3,"2,010"
"Memphis city, Tennessee!!Estimate","241,400","231,959","6,494","2,947","2,010"
"Memphis city, Tennessee!!Estimate Margin of Error","±4,203","±4,385","±1,374","±1,079","2,010"
"Memphis city, Tennessee!!Percent","241,400",96.10%,2.70%,1.20%,"2,010"
"Memphis city, Tennessee!!Percent Margin of Error",(X),±0.7,±0.6,±0.4,"2,010"
"Arlington city, Texas!!Estimate","133,491","126,143","6,333","1,015","2,010"
"Arlington city, Texas!!Estimate Margin of Error","±3,094","±3,643","±1,282",±492,"2,010"
"Arlington city, Texas!!Percent","133,491",94.50%,4.70%,0.80%,"2,010"
"Arlington city, Texas!!Percent Margin of Error",(X),±1.0,±1.0,±0.4,"2,010"
"Austin city, Texas!!Estimate","323,282","306,969","10,731","5,582","2,010"
"Austin city, Texas!!Estimate Margin of Error","±4,713","±5,205","±1,681","±1,238","2,010"
"Austin city, Texas!!Percent","323,282",95.00%,3.30%,1.70%,"2,010"
"Austin city, Texas!!Percent Margin of Error",(X),±0.6,±0.5,±0.4,"2,010"
"Corpus Christi city, Texas!!Estimate","110,954","105,264","4,420","1,270","2,010"
"Corpus Christi city, Texas!!Estimate Margin of Error","±2,722","±2,684","±1,064",±597,"2,010"
"Corpus Christi city, Texas!!Percent","110,954",94.90%,4.00%,1.10%,"2,010"
"Corpus Christi city, Texas!!Percent Margin of Error",(X),±1.0,±0.9,±0.5,"2,010"
"Dallas city, Texas!!Estimate","447,680","411,093","24,302","12,285","2,010"
"Dallas city, Texas!!Estimate Margin of Error","±6,310","±7,604","±2,600","±1,783","2,010"
"Dallas city, Texas!!Percent","447,680",91.80%,5.40%,2.70%,"2,010"
"Dallas city, Texas!!Percent Margin of Error",(X),±0.7,±0.6,±0.4,"2,010"
"El Paso city, Texas!!Estimate","210,754","198,405","9,396","2,953","2,010"
"El Paso city, Texas!!Estimate Margin of Error","±2,612","±2,884","±1,611",±977,"2,010"
"El Paso city, Texas!!Percent","210,754",94.10%,4.50%,1.40%,"2,010"
"El Paso city, Texas!!Percent Margin of Error",(X),±0.8,±0.8,±0.5,"2,010"
"Houston city, Texas!!Estimate","762,309","703,503","42,705","16,101","2,010"
"Houston city, Texas!!Estimate Margin of Error","±6,535","±8,442","±3,248","±2,625","2,010"
"Houston city, Texas!!Percent","762,309",92.30%,5.60%,2.10%,"2,010"
"Houston city, Texas!!Percent Margin of Error",(X),±0.5,±0.4,±0.3,"2,010"
"Plano city, Texas!!Estimate","97,524","95,734","1,143",647,"2,010"
"Plano city, Texas!!Estimate Margin of Error","±2,960","±3,175",±656,±466,"2,010"
"Plano city, Texas!!Percent","97,524",98.20%,1.20%,0.70%,"2,010"
"Plano city, Texas!!Percent Margin of Error",(X),±0.8,±0.7,±0.5,"2,010"
"San Antonio city, Texas!!Estimate","470,223","446,489","17,086","6,648","2,010"
"San Antonio city, Texas!!Estimate Margin of Error","±4,982","±5,524","±2,096","±1,497","2,010"
"San Antonio city, Texas!!Percent","470,223",95.00%,3.60%,1.40%,"2,010"
"San Antonio city, Texas!!Percent Margin of Error",(X),±0.6,±0.4,±0.3,"2,010"
"Virginia Beach city, Virginia!!Estimate","164,300","161,795","1,805",700,"2,010"
"Virginia Beach city, Virginia!!Estimate Margin of Error","±2,574","±2,785",±723,±494,"2,010"
"Virginia Beach city, Virginia!!Percent","164,300",98.50%,1.10%,0.40%,"2,010"
"Virginia Beach city, Virginia!!Percent Margin of Error",(X),±0.6,±0.4,±0.3,"2,010"
"Seattle city, Washington!!Estimate","277,520","270,912","3,012","3,596","2,010"
"Seattle city, Washington!!Estimate Margin of Error","±5,743","±6,089",±782,"±1,333","2,010"
"Seattle city, Washington!!Percent","277,520",97.60%,1.10%,1.30%,"2,010"
"Seattle city, Washington!!Percent Margin of Error",(X),±0.5,±0.3,±0.5,"2,010"
"Milwaukee city, Wisconsin!!Estimate","228,945","220,803","6,777","1,365","2,010"
"Milwaukee city, Wisconsin!!Estimate Margin of Error","±3,762","±4,308","±1,419",±580,"2,010"
"Milwaukee city, Wisconsin!!Percent","228,945",96.40%,3.00%,0.60%,"2,010"
"Milwaukee city, Wisconsin!!Percent Margin of Error",(X),±0.7,±0.6,±0.3,"2,010"
