﻿Label (Grouping),    Occupied housing units,    Lacking complete plumbing facilities,    Lacking complete kitchen facilities,    No telephone service available,Year
"Anchorage municipality, Alaska!!Estimate","104,993",906,710,891,2010
"Anchorage municipality, Alaska!!Estimate Margin of Error","±2,002",±555,±500,±546,2010
"Anchorage municipality, Alaska!!Percent","104,993",0.90%,0.70%,0.80%,2010
"Anchorage municipality, Alaska!!Percent Margin of Error",(X),±0.5,±0.5,±0.5,2010
"Mesa city, Arizona!!Estimate","162,691",519,"1,279","5,017",2010
"Mesa city, Arizona!!Estimate Margin of Error","±4,466",±557,±747,"±1,329",2010
"Mesa city, Arizona!!Percent","162,691",0.30%,0.80%,3.10%,2010
"Mesa city, Arizona!!Percent Margin of Error",(X),±0.3,±0.5,±0.8,2010
"Phoenix city, Arizona!!Estimate","511,432","2,817","5,084","22,901",2010
"Phoenix city, Arizona!!Estimate Margin of Error","±7,172","±1,080","±1,317","±2,822",2010
"Phoenix city, Arizona!!Percent","511,432",0.60%,1.00%,4.50%,2010
"Phoenix city, Arizona!!Percent Margin of Error",(X),±0.2,±0.3,±0.5,2010
"Tucson city, Arizona!!Estimate","201,761",0,"1,228","5,738",2010
"Tucson city, Arizona!!Estimate Margin of Error","±4,584",±305,±713,"±1,343",2010
"Tucson city, Arizona!!Percent","201,761",0.00%,0.60%,2.80%,2010
"Tucson city, Arizona!!Percent Margin of Error",(X),±0.1,±0.4,±0.7,2010
"Anaheim city, California!!Estimate","100,404",882,"1,612","1,767",2010
"Anaheim city, California!!Estimate Margin of Error","±3,112",±624,±687,±651,2010
"Anaheim city, California!!Percent","100,404",0.90%,1.60%,1.80%,2010
"Anaheim city, California!!Percent Margin of Error",(X),±0.6,±0.7,±0.7,2010
"Bakersfield city, California!!Estimate","109,420",486,"1,499","1,561",2010
"Bakersfield city, California!!Estimate Margin of Error","±3,039",±398,±614,±587,2010
"Bakersfield city, California!!Percent","109,420",0.40%,1.40%,1.40%,2010
"Bakersfield city, California!!Percent Margin of Error",(X),±0.4,±0.6,±0.5,2010
"Fresno city, California!!Estimate","152,890",631,824,"3,447",2010
"Fresno city, California!!Estimate Margin of Error","±3,242",±412,±435,±836,2010
"Fresno city, California!!Percent","152,890",0.40%,0.50%,2.30%,2010
"Fresno city, California!!Percent Margin of Error",(X),±0.3,±0.3,±0.5,2010
"Irvine city, California!!Estimate","76,172",382,659,"1,875",2010
"Irvine city, California!!Estimate Margin of Error","±2,460",±348,±352,±879,2010
"Irvine city, California!!Percent","76,172",0.50%,0.90%,2.50%,2010
"Irvine city, California!!Percent Margin of Error",(X),±0.5,±0.5,±1.2,2010
"Long Beach city, California!!Estimate","158,386",935,"2,214","3,531",2010
"Long Beach city, California!!Estimate Margin of Error","±4,102",±482,±663,±929,2010
"Long Beach city, California!!Percent","158,386",0.60%,1.40%,2.20%,2010
"Long Beach city, California!!Percent Margin of Error",(X),±0.3,±0.4,±0.6,2010
"Los Angeles city, California!!Estimate","1,310,259","8,142","26,195","33,268",2010
"Los Angeles city, California!!Estimate Margin of Error","±9,520","±1,524","±2,570","±3,327",2010
"Los Angeles city, California!!Percent","1,310,259",0.60%,2.00%,2.50%,2010
"Los Angeles city, California!!Percent Margin of Error",(X),±0.1,±0.2,±0.2,2010
"Oakland city, California!!Estimate","151,808","1,618","2,328","3,485",2010
"Oakland city, California!!Estimate Margin of Error","±3,746",±685,±759,±916,2010
"Oakland city, California!!Percent","151,808",1.10%,1.50%,2.30%,2010
"Oakland city, California!!Percent Margin of Error",(X),±0.4,±0.5,±0.6,2010
"Riverside city, California!!Estimate","87,752",166,"1,185","2,010",2010
"Riverside city, California!!Estimate Margin of Error","±3,694",±164,±582,±622,2010
"Riverside city, California!!Percent","87,752",0.20%,1.40%,2.30%,2010
"Riverside city, California!!Percent Margin of Error",(X),±0.2,±0.7,±0.7,2010
"Sacramento city, California!!Estimate","176,168","1,309","2,394","3,634",2010
"Sacramento city, California!!Estimate Margin of Error","±5,046",±645,±836,±976,2010
"Sacramento city, California!!Percent","176,168",0.70%,1.40%,2.10%,2010
"Sacramento city, California!!Percent Margin of Error",(X),±0.4,±0.5,±0.6,2010
"San Diego city, California!!Estimate","469,635","3,038","4,990","9,833",2010
"San Diego city, California!!Estimate Margin of Error","±6,664","±1,148","±1,267","±1,627",2010
"San Diego city, California!!Percent","469,635",0.60%,1.10%,2.10%,2010
"San Diego city, California!!Percent Margin of Error",(X),±0.2,±0.3,±0.3,2010
"San Francisco city, California!!Estimate","336,012","6,338","11,214","8,679",2010
"San Francisco city, California!!Estimate Margin of Error","±4,358","±1,625","±1,874","±1,931",2010
"San Francisco city, California!!Percent","336,012",1.90%,3.30%,2.60%,2010
"San Francisco city, California!!Percent Margin of Error",(X),±0.5,±0.6,±0.6,2010
"San Jose city, California!!Estimate","297,637","1,855","2,875","4,563",2010
"San Jose city, California!!Estimate Margin of Error","±4,429",±851,±923,±948,2010
"San Jose city, California!!Percent","297,637",0.60%,1.00%,1.50%,2010
"San Jose city, California!!Percent Margin of Error",(X),±0.3,±0.3,±0.3,2010
"Santa Ana city, California!!Estimate","71,288",733,"1,113","1,233",2010
"Santa Ana city, California!!Estimate Margin of Error","±2,600",±446,±635,±536,2010
"Santa Ana city, California!!Percent","71,288",1.00%,1.60%,1.70%,2010
"Santa Ana city, California!!Percent Margin of Error",(X),±0.6,±0.9,±0.7,2010
"Stockton city, California!!Estimate","91,200",250,"1,368","1,400",2010
"Stockton city, California!!Estimate Margin of Error","±2,669",±288,±587,±557,2010
"Stockton city, California!!Percent","91,200",0.30%,1.50%,1.50%,2010
"Stockton city, California!!Percent Margin of Error",(X),±0.3,±0.6,±0.6,2010
"Aurora city, Colorado!!Estimate","119,559",0,169,"1,446",2010
"Aurora city, Colorado!!Estimate Margin of Error","±3,177",±279,±163,±560,2010
"Aurora city, Colorado!!Percent","119,559",0.00%,0.10%,1.20%,2010
"Aurora city, Colorado!!Percent Margin of Error",(X),±0.2,±0.1,±0.5,2010
"Colorado Springs city, Colorado!!Estimate","167,361",691,"2,008","5,305",2010
"Colorado Springs city, Colorado!!Estimate Margin of Error","±3,084",±540,±910,"±1,217",2010
"Colorado Springs city, Colorado!!Percent","167,361",0.40%,1.20%,3.20%,2010
"Colorado Springs city, Colorado!!Percent Margin of Error",(X),±0.3,±0.5,±0.7,2010
"Denver city, Colorado!!Estimate","262,093",815,"2,654","7,802",2010
"Denver city, Colorado!!Estimate Margin of Error","±3,662",±528,±712,"±1,273",2010
"Denver city, Colorado!!Percent","262,093",0.30%,1.00%,3.00%,2010
"Denver city, Colorado!!Percent Margin of Error",(X),±0.2,±0.3,±0.5,2010
"Washington city, District of Columbia!!Estimate","252,388","1,843","2,423","8,233",2010
"Washington city, District of Columbia!!Estimate Margin of Error","±3,730",±888,±789,"±1,726",2010
"Washington city, District of Columbia!!Percent","252,388",0.70%,1.00%,3.30%,2010
"Washington city, District of Columbia!!Percent Margin of Error",(X),±0.4,±0.3,±0.7,2010
"Jacksonville city, Florida!!Estimate","308,173",880,"1,960","7,922",2010
"Jacksonville city, Florida!!Estimate Margin of Error","±6,302",±625,±764,"±1,432",2010
"Jacksonville city, Florida!!Percent","308,173",0.30%,0.60%,2.60%,2010
"Jacksonville city, Florida!!Percent Margin of Error",(X),±0.2,±0.2,±0.5,2010
"Miami city, Florida!!Estimate","145,822",628,"1,364","4,223",2010
"Miami city, Florida!!Estimate Margin of Error","±4,810",±516,±512,±990,2010
"Miami city, Florida!!Percent","145,822",0.40%,0.90%,2.90%,2010
"Miami city, Florida!!Percent Margin of Error",(X),±0.4,±0.4,±0.7,2010
"Orlando city, Florida!!Estimate","96,753",295,701,"3,401",2010
"Orlando city, Florida!!Estimate Margin of Error","±3,793",±348,±465,"±1,039",2010
"Orlando city, Florida!!Percent","96,753",0.30%,0.70%,3.50%,2010
"Orlando city, Florida!!Percent Margin of Error",(X),±0.4,±0.5,±1.0,2010
"Tampa city, Florida!!Estimate","133,070",587,574,"4,242",2010
"Tampa city, Florida!!Estimate Margin of Error","±3,857",±428,±429,±906,2010
"Tampa city, Florida!!Percent","133,070",0.40%,0.40%,3.20%,2010
"Tampa city, Florida!!Percent Margin of Error",(X),±0.3,±0.3,±0.7,2010
"Atlanta city, Georgia!!Estimate","172,159","1,787","1,556","5,206",2010
"Atlanta city, Georgia!!Estimate Margin of Error","±5,268",±748,±715,"±1,084",2010
"Atlanta city, Georgia!!Percent","172,159",1.00%,0.90%,3.00%,2010
"Atlanta city, Georgia!!Percent Margin of Error",(X),±0.4,±0.4,±0.6,2010
"Chicago city, Illinois!!Estimate","1,014,576","6,918","10,770","26,332",2010
"Chicago city, Illinois!!Estimate Margin of Error","±8,579","±1,594","±2,075","±2,506",2010
"Chicago city, Illinois!!Percent","1,014,576",0.70%,1.10%,2.60%,2010
"Chicago city, Illinois!!Percent Margin of Error",(X),±0.2,±0.2,±0.3,2010
"Indianapolis city (balance), Indiana!!Estimate","322,700",773,"2,709","7,155",2010
"Indianapolis city (balance), Indiana!!Estimate Margin of Error","±5,582",±421,±797,"±1,356",2010
"Indianapolis city (balance), Indiana!!Percent","322,700",0.20%,0.80%,2.20%,2010
"Indianapolis city (balance), Indiana!!Percent Margin of Error",(X),±0.1,±0.2,±0.4,2010
"Wichita city, Kansas!!Estimate","149,648",328,"1,437","3,918",2010
"Wichita city, Kansas!!Estimate Margin of Error","±2,521",±406,±690,±954,2010
"Wichita city, Kansas!!Percent","149,648",0.20%,1.00%,2.60%,2010
"Wichita city, Kansas!!Percent Margin of Error",(X),±0.3,±0.5,±0.6,2010
"New Orleans city, Louisiana!!Estimate","142,093","1,457","1,975","7,247",2010
"New Orleans city, Louisiana!!Estimate Margin of Error","±3,457",±687,±714,"±1,463",2010
"New Orleans city, Louisiana!!Percent","142,093",1.00%,1.40%,5.10%,2010
"New Orleans city, Louisiana!!Percent Margin of Error",(X),±0.5,±0.5,±1.0,2010
"Baltimore city, Maryland!!Estimate","237,945","2,257","2,069","13,296",2010
"Baltimore city, Maryland!!Estimate Margin of Error","±4,515",±881,±851,"±1,885",2010
"Baltimore city, Maryland!!Percent","237,945",0.90%,0.90%,5.60%,2010
"Baltimore city, Maryland!!Percent Margin of Error",(X),±0.4,±0.4,±0.8,2010
"Boston city, Massachusetts!!Estimate","251,721","1,111","1,970","5,692",2010
"Boston city, Massachusetts!!Estimate Margin of Error","±4,587",±680,±813,"±1,027",2010
"Boston city, Massachusetts!!Percent","251,721",0.40%,0.80%,2.30%,2010
"Boston city, Massachusetts!!Percent Margin of Error",(X),±0.3,±0.3,±0.4,2010
"Detroit city, Michigan!!Estimate","255,201","3,708","4,510","11,546",2010
"Detroit city, Michigan!!Estimate Margin of Error","±5,059","±1,078","±1,139","±1,611",2010
"Detroit city, Michigan!!Percent","255,201",1.50%,1.80%,4.50%,2010
"Detroit city, Michigan!!Percent Margin of Error",(X),±0.4,±0.4,±0.6,2010
"Minneapolis city, Minnesota!!Estimate","165,798","2,293","2,323","4,556",2010
"Minneapolis city, Minnesota!!Estimate Margin of Error","±3,861",±965,"±1,050","±1,003",2010
"Minneapolis city, Minnesota!!Percent","165,798",1.40%,1.40%,2.70%,2010
"Minneapolis city, Minnesota!!Percent Margin of Error",(X),±0.6,±0.6,±0.6,2010
"St. Paul city, Minnesota!!Estimate","110,088",254,412,"3,009",2010
"St. Paul city, Minnesota!!Estimate Margin of Error","±2,941",±236,±283,±791,2010
"St. Paul city, Minnesota!!Percent","110,088",0.20%,0.40%,2.70%,2010
"St. Paul city, Minnesota!!Percent Margin of Error",(X),±0.2,±0.3,±0.7,2010
"Lincoln city, Nebraska!!Estimate","104,286",207,795,"2,294",2010
"Lincoln city, Nebraska!!Estimate Margin of Error","±1,919",±196,±538,±854,2010
"Lincoln city, Nebraska!!Percent","104,286",0.20%,0.80%,2.20%,2010
"Lincoln city, Nebraska!!Percent Margin of Error",(X),±0.2,±0.5,±0.8,2010
"Omaha city, Nebraska!!Estimate","163,411",250,"1,224","3,174",2010
"Omaha city, Nebraska!!Estimate Margin of Error","±2,894",±264,±561,±887,2010
"Omaha city, Nebraska!!Percent","163,411",0.20%,0.70%,1.90%,2010
"Omaha city, Nebraska!!Percent Margin of Error",(X),±0.2,±0.3,±0.5,2010
"Henderson city, Nevada!!Estimate","99,095","1,146","1,399","3,076",2010
"Henderson city, Nevada!!Estimate Margin of Error","±3,059",±686,±798,"±1,115",2010
"Henderson city, Nevada!!Percent","99,095",1.20%,1.40%,3.10%,2010
"Henderson city, Nevada!!Percent Margin of Error",(X),±0.7,±0.8,±1.1,2010
"Las Vegas city, Nevada!!Estimate","210,950","1,881","3,911","5,845",2010
"Las Vegas city, Nevada!!Estimate Margin of Error","±4,737",±804,"±1,066","±1,264",2010
"Las Vegas city, Nevada!!Percent","210,950",0.90%,1.90%,2.80%,2010
"Las Vegas city, Nevada!!Percent Margin of Error",(X),±0.4,±0.5,±0.6,2010
"Jersey City city, New Jersey!!Estimate","92,649","1,182","1,754","9,009",2010
"Jersey City city, New Jersey!!Estimate Margin of Error","±2,709",±626,±771,"±1,610",2010
"Jersey City city, New Jersey!!Percent","92,649",1.30%,1.90%,9.70%,2010
"Jersey City city, New Jersey!!Percent Margin of Error",(X),±0.7,±0.8,±1.7,2010
"Newark city, New Jersey!!Estimate","91,414","1,339","1,505","3,325",2010
"Newark city, New Jersey!!Estimate Margin of Error","±3,236",±669,±697,"±1,094",2010
"Newark city, New Jersey!!Percent","91,414",1.50%,1.60%,3.60%,2010
"Newark city, New Jersey!!Percent Margin of Error",(X),±0.7,±0.8,±1.2,2010
"Albuquerque city, New Mexico!!Estimate","223,505",623,999,"6,499",2010
"Albuquerque city, New Mexico!!Estimate Margin of Error","±2,539",±411,±459,"±1,262",2010
"Albuquerque city, New Mexico!!Percent","223,505",0.30%,0.40%,2.90%,2010
"Albuquerque city, New Mexico!!Percent Margin of Error",(X),±0.2,±0.2,±0.6,2010
"New York city, New York!!Estimate","3,039,467","22,997","38,233","111,702",2010
"New York city, New York!!Estimate Margin of Error","±11,288","±2,635","±2,964","±6,619",2010
"New York city, New York!!Percent","3,039,467",0.80%,1.30%,3.70%,2010
"New York city, New York!!Percent Margin of Error",(X),±0.1,±0.1,±0.2,2010
"Greensboro city, North Carolina!!Estimate","109,255",883,"1,186","4,149",2010
"Greensboro city, North Carolina!!Estimate Margin of Error","±3,387",±603,±613,"±1,146",2010
"Greensboro city, North Carolina!!Percent","109,255",0.80%,1.10%,3.80%,2010
"Greensboro city, North Carolina!!Percent Margin of Error",(X),±0.5,±0.6,±1.0,2010
"Cincinnati city, Ohio!!Estimate","126,145",297,"1,306","4,029",2010
"Cincinnati city, Ohio!!Estimate Margin of Error","±4,336",±384,±627,±993,2010
"Cincinnati city, Ohio!!Percent","126,145",0.20%,1.00%,3.20%,2010
"Cincinnati city, Ohio!!Percent Margin of Error",(X),±0.3,±0.5,±0.8,2010
"Cleveland city, Ohio!!Estimate","164,990","1,893","3,572","5,931",2010
"Cleveland city, Ohio!!Estimate Margin of Error","±4,095",±715,±895,"±1,288",2010
"Cleveland city, Ohio!!Percent","164,990",1.10%,2.20%,3.60%,2010
"Cleveland city, Ohio!!Percent Margin of Error",(X),±0.4,±0.5,±0.8,2010
"Columbus city, Ohio!!Estimate","319,428","1,713","2,922","11,069",2010
"Columbus city, Ohio!!Estimate Margin of Error","±4,797",±759,±830,"±1,815",2010
"Columbus city, Ohio!!Percent","319,428",0.50%,0.90%,3.50%,2010
"Columbus city, Ohio!!Percent Margin of Error",(X),±0.2,±0.3,±0.6,2010
"Tulsa city, Oklahoma!!Estimate","163,173",847,"1,700","3,341",2010
"Tulsa city, Oklahoma!!Estimate Margin of Error","±2,981",±482,±726,±850,2010
"Tulsa city, Oklahoma!!Percent","163,173",0.50%,1.00%,2.00%,2010
"Tulsa city, Oklahoma!!Percent Margin of Error",(X),±0.3,±0.4,±0.5,2010
"Portland city, Oregon!!Estimate","244,192","3,341","4,578","6,405",2010
"Portland city, Oregon!!Estimate Margin of Error","±3,559","±1,057","±1,268","±1,409",2010
"Portland city, Oregon!!Percent","244,192",1.40%,1.90%,2.60%,2010
"Portland city, Oregon!!Percent Margin of Error",(X),±0.4,±0.5,±0.6,2010
"Philadelphia city, Pennsylvania!!Estimate","575,413","5,383","7,875","27,108",2010
"Philadelphia city, Pennsylvania!!Estimate Margin of Error","±6,623","±1,406","±1,768","±2,965",2010
"Philadelphia city, Pennsylvania!!Percent","575,413",0.90%,1.40%,4.70%,2010
"Philadelphia city, Pennsylvania!!Percent Margin of Error",(X),±0.2,±0.3,±0.5,2010
"Pittsburgh city, Pennsylvania!!Estimate","129,828",742,"1,218","3,299",2010
"Pittsburgh city, Pennsylvania!!Estimate Margin of Error","±3,843",±578,±634,±903,2010
"Pittsburgh city, Pennsylvania!!Percent","129,828",0.60%,0.90%,2.50%,2010
"Pittsburgh city, Pennsylvania!!Percent Margin of Error",(X),±0.4,±0.5,±0.7,2010
"Memphis city, Tennessee!!Estimate","241,400","1,679","2,191","8,052",2010
"Memphis city, Tennessee!!Estimate Margin of Error","±4,203",±624,±769,"±1,742",2010
"Memphis city, Tennessee!!Percent","241,400",0.70%,0.90%,3.30%,2010
"Memphis city, Tennessee!!Percent Margin of Error",(X),±0.3,±0.3,±0.7,2010
"Arlington city, Texas!!Estimate","133,491",665,552,"2,894",2010
"Arlington city, Texas!!Estimate Margin of Error","±3,094",±543,±267,±751,2010
"Arlington city, Texas!!Percent","133,491",0.50%,0.40%,2.20%,2010
"Arlington city, Texas!!Percent Margin of Error",(X),±0.4,±0.2,±0.6,2010
"Austin city, Texas!!Estimate","323,282","1,340","2,461","8,230",2010
"Austin city, Texas!!Estimate Margin of Error","±4,713",±648,±825,"±1,495",2010
"Austin city, Texas!!Percent","323,282",0.40%,0.80%,2.50%,2010
"Austin city, Texas!!Percent Margin of Error",(X),±0.2,±0.3,±0.5,2010
"Corpus Christi city, Texas!!Estimate","110,954",833,"1,161","4,209",2010
"Corpus Christi city, Texas!!Estimate Margin of Error","±2,722",±560,±675,"±1,183",2010
"Corpus Christi city, Texas!!Percent","110,954",0.80%,1.00%,3.80%,2010
"Corpus Christi city, Texas!!Percent Margin of Error",(X),±0.5,±0.6,±1.1,2010
"Dallas city, Texas!!Estimate","447,680","2,753","4,394","11,325",2010
"Dallas city, Texas!!Estimate Margin of Error","±6,310","±1,002","±1,186","±1,998",2010
"Dallas city, Texas!!Percent","447,680",0.60%,1.00%,2.50%,2010
"Dallas city, Texas!!Percent Margin of Error",(X),±0.2,±0.3,±0.4,2010
"El Paso city, Texas!!Estimate","210,754","2,052","2,478","8,340",2010
"El Paso city, Texas!!Estimate Margin of Error","±2,612",±866,±813,"±1,565",2010
"El Paso city, Texas!!Percent","210,754",1.00%,1.20%,4.00%,2010
"El Paso city, Texas!!Percent Margin of Error",(X),±0.4,±0.4,±0.7,2010
"Houston city, Texas!!Estimate","762,309","6,833","8,998","23,239",2010
"Houston city, Texas!!Estimate Margin of Error","±6,535","±1,650","±1,756","±2,587",2010
"Houston city, Texas!!Percent","762,309",0.90%,1.20%,3.00%,2010
"Houston city, Texas!!Percent Margin of Error",(X),±0.2,±0.2,±0.3,2010
"Plano city, Texas!!Estimate","97,524",645,"1,635","1,676",2010
"Plano city, Texas!!Estimate Margin of Error","±2,960",±544,±797,±668,2010
"Plano city, Texas!!Percent","97,524",0.70%,1.70%,1.70%,2010
"Plano city, Texas!!Percent Margin of Error",(X),±0.6,±0.8,±0.7,2010
"San Antonio city, Texas!!Estimate","470,223","3,489","6,418","13,813",2010
"San Antonio city, Texas!!Estimate Margin of Error","±4,982","±1,117","±1,402","±1,798",2010
"San Antonio city, Texas!!Percent","470,223",0.70%,1.40%,2.90%,2010
"San Antonio city, Texas!!Percent Margin of Error",(X),±0.2,±0.3,±0.4,2010
"Virginia Beach city, Virginia!!Estimate","164,300",410,298,"2,600",2010
"Virginia Beach city, Virginia!!Estimate Margin of Error","±2,574",±480,±203,±747,2010
"Virginia Beach city, Virginia!!Percent","164,300",0.20%,0.20%,1.60%,2010
"Virginia Beach city, Virginia!!Percent Margin of Error",(X),±0.3,±0.1,±0.5,2010
"Seattle city, Washington!!Estimate","277,520","2,491","4,075","5,613",2010
"Seattle city, Washington!!Estimate Margin of Error","±5,743","±1,174","±1,262","±1,161",2010
"Seattle city, Washington!!Percent","277,520",0.90%,1.50%,2.00%,2010
"Seattle city, Washington!!Percent Margin of Error",(X),±0.4,±0.4,±0.4,2010
"Milwaukee city, Wisconsin!!Estimate","228,945","1,424","2,087","4,952",2010
"Milwaukee city, Wisconsin!!Estimate Margin of Error","±3,762",±758,±775,"±1,092",2010
"Milwaukee city, Wisconsin!!Percent","228,945",0.60%,0.90%,2.20%,2010
"Milwaukee city, Wisconsin!!Percent Margin of Error",(X),±0.3,±0.3,±0.5,2010
