﻿Label (Grouping),    Occupied housing units,    No vehicles available,    1 vehicle available,    2 vehicles available,    3 or more vehicles available,Year
"Anchorage municipality, Alaska!!Estimate","104,993","7,824","34,875","40,442","21,852","2,010"
"Anchorage municipality, Alaska!!Estimate Margin of Error","±2,002","±1,434","±2,824","±2,786","±2,221","2,010"
"Anchorage municipality, Alaska!!Percent","104,993",7.50%,33.20%,38.50%,20.80%,"2,010"
"Anchorage municipality, Alaska!!Percent Margin of Error",(X),±1.3,±2.5,±2.6,±2.1,"2,010"
"Mesa city, Arizona!!Estimate","162,691","12,635","68,575","58,690","22,791","2,010"
"Mesa city, Arizona!!Estimate Margin of Error","±4,466","±1,905","±3,982","±3,518","±2,256","2,010"
"Mesa city, Arizona!!Percent","162,691",7.80%,42.20%,36.10%,14.00%,"2,010"
"Mesa city, Arizona!!Percent Margin of Error",(X),±1.1,±1.9,±2.0,±1.5,"2,010"
"Phoenix city, Arizona!!Estimate","511,432","47,134","206,267","185,891","72,140","2,010"
"Phoenix city, Arizona!!Estimate Margin of Error","±7,172","±3,562","±6,303","±5,443","±3,773","2,010"
"Phoenix city, Arizona!!Percent","511,432",9.20%,40.30%,36.30%,14.10%,"2,010"
"Phoenix city, Arizona!!Percent Margin of Error",(X),±0.7,±1.1,±0.9,±0.7,"2,010"
"Tucson city, Arizona!!Estimate","201,761","22,229","85,494","64,251","29,787","2,010"
"Tucson city, Arizona!!Estimate Margin of Error","±4,584","±2,546","±4,307","±4,150","±2,368","2,010"
"Tucson city, Arizona!!Percent","201,761",11.00%,42.40%,31.80%,14.80%,"2,010"
"Tucson city, Arizona!!Percent Margin of Error",(X),±1.2,±1.9,±1.9,±1.1,"2,010"
"Anaheim city, California!!Estimate","100,404","6,880","30,041","39,090","24,393","2,010"
"Anaheim city, California!!Estimate Margin of Error","±3,112","±1,463","±2,700","±2,805","±2,157","2,010"
"Anaheim city, California!!Percent","100,404",6.90%,29.90%,38.90%,24.30%,"2,010"
"Anaheim city, California!!Percent Margin of Error",(X),±1.4,±2.3,±2.6,±2.3,"2,010"
"Bakersfield city, California!!Estimate","109,420","7,295","35,657","43,686","22,782","2,010"
"Bakersfield city, California!!Estimate Margin of Error","±3,039","±1,321","±2,778","±2,730","±2,184","2,010"
"Bakersfield city, California!!Percent","109,420",6.70%,32.60%,39.90%,20.80%,"2,010"
"Bakersfield city, California!!Percent Margin of Error",(X),±1.2,±2.2,±2.2,±2.1,"2,010"
"Fresno city, California!!Estimate","152,890","18,307","57,070","54,996","22,517","2,010"
"Fresno city, California!!Estimate Margin of Error","±3,242","±2,199","±3,384","±3,199","±1,841","2,010"
"Fresno city, California!!Percent","152,890",12.00%,37.30%,36.00%,14.70%,"2,010"
"Fresno city, California!!Percent Margin of Error",(X),±1.4,±1.9,±2.0,±1.3,"2,010"
"Irvine city, California!!Estimate","76,172","2,440","24,206","34,322","15,204","2,010"
"Irvine city, California!!Estimate Margin of Error","±2,460",±776,"±2,453","±2,207","±1,561","2,010"
"Irvine city, California!!Percent","76,172",3.20%,31.80%,45.10%,20.00%,"2,010"
"Irvine city, California!!Percent Margin of Error",(X),±1.0,±2.8,±2.7,±2.1,"2,010"
"Long Beach city, California!!Estimate","158,386","18,120","58,891","52,207","29,168","2,010"
"Long Beach city, California!!Estimate Margin of Error","±4,102","±2,065","±4,196","±3,685","±2,377","2,010"
"Long Beach city, California!!Percent","158,386",11.40%,37.20%,33.00%,18.40%,"2,010"
"Long Beach city, California!!Percent Margin of Error",(X),±1.3,±2.1,±2.1,±1.7,"2,010"
"Los Angeles city, California!!Estimate","1,310,259","172,968","513,862","425,527","197,902","2,010"
"Los Angeles city, California!!Estimate Margin of Error","±9,520","±6,684","±9,449","±7,027","±6,589","2,010"
"Los Angeles city, California!!Percent","1,310,259",13.20%,39.20%,32.50%,15.10%,"2,010"
"Los Angeles city, California!!Percent Margin of Error",(X),±0.5,±0.6,±0.6,±0.5,"2,010"
"Oakland city, California!!Estimate","151,808","29,030","61,403","44,135","17,240","2,010"
"Oakland city, California!!Estimate Margin of Error","±3,746","±2,487","±3,819","±2,919","±2,198","2,010"
"Oakland city, California!!Percent","151,808",19.10%,40.40%,29.10%,11.40%,"2,010"
"Oakland city, California!!Percent Margin of Error",(X),±1.6,±2.0,±1.9,±1.5,"2,010"
"Riverside city, California!!Estimate","87,752","4,177","27,512","32,830","23,233","2,010"
"Riverside city, California!!Estimate Margin of Error","±3,694","±1,010","±2,630","±2,675","±1,962","2,010"
"Riverside city, California!!Percent","87,752",4.80%,31.40%,37.40%,26.50%,"2,010"
"Riverside city, California!!Percent Margin of Error",(X),±1.1,±2.4,±2.5,±2.5,"2,010"
"Sacramento city, California!!Estimate","176,168","16,862","72,689","57,320","29,297","2,010"
"Sacramento city, California!!Estimate Margin of Error","±5,046","±2,081","±4,658","±3,216","±2,421","2,010"
"Sacramento city, California!!Percent","176,168",9.60%,41.30%,32.50%,16.60%,"2,010"
"Sacramento city, California!!Percent Margin of Error",(X),±1.1,±2.1,±1.7,±1.4,"2,010"
"San Diego city, California!!Estimate","469,635","34,305","170,924","179,910","84,496","2,010"
"San Diego city, California!!Estimate Margin of Error","±6,664","±2,667","±5,826","±6,176","±3,983","2,010"
"San Diego city, California!!Percent","469,635",7.30%,36.40%,38.30%,18.00%,"2,010"
"San Diego city, California!!Percent Margin of Error",(X),±0.6,±1.1,±1.1,±0.9,"2,010"
"San Francisco city, California!!Estimate","336,012","102,839","138,022","71,155","23,996","2,010"
"San Francisco city, California!!Estimate Margin of Error","±4,358","±4,501","±4,673","±4,042","±2,372","2,010"
"San Francisco city, California!!Percent","336,012",30.60%,41.10%,21.20%,7.10%,"2,010"
"San Francisco city, California!!Percent Margin of Error",(X),±1.2,±1.4,±1.1,±0.7,"2,010"
"San Jose city, California!!Estimate","297,637","17,113","78,377","121,960","80,187","2,010"
"San Jose city, California!!Estimate Margin of Error","±4,429","±1,880","±3,442","±4,698","±4,436","2,010"
"San Jose city, California!!Percent","297,637",5.70%,26.30%,41.00%,26.90%,"2,010"
"San Jose city, California!!Percent Margin of Error",(X),±0.6,±1.1,±1.6,±1.4,"2,010"
"Santa Ana city, California!!Estimate","71,288","4,123","21,324","25,445","20,396","2,010"
"Santa Ana city, California!!Estimate Margin of Error","±2,600",±976,"±2,294","±2,048","±1,911","2,010"
"Santa Ana city, California!!Percent","71,288",5.80%,29.90%,35.70%,28.60%,"2,010"
"Santa Ana city, California!!Percent Margin of Error",(X),±1.4,±2.7,±2.6,±2.7,"2,010"
"Stockton city, California!!Estimate","91,200","8,447","28,062","34,161","20,530","2,010"
"Stockton city, California!!Estimate Margin of Error","±2,669","±1,570","±2,538","±2,549","±1,932","2,010"
"Stockton city, California!!Percent","91,200",9.30%,30.80%,37.50%,22.50%,"2,010"
"Stockton city, California!!Percent Margin of Error",(X),±1.7,±2.5,±2.5,±2.2,"2,010"
"Aurora city, Colorado!!Estimate","119,559","7,811","44,734","44,258","22,756","2,010"
"Aurora city, Colorado!!Estimate Margin of Error","±3,177","±1,480","±3,182","±2,944","±2,074","2,010"
"Aurora city, Colorado!!Percent","119,559",6.50%,37.40%,37.00%,19.00%,"2,010"
"Aurora city, Colorado!!Percent Margin of Error",(X),±1.2,±2.3,±2.3,±1.8,"2,010"
"Colorado Springs city, Colorado!!Estimate","167,361","11,652","58,411","66,844","30,454","2,010"
"Colorado Springs city, Colorado!!Estimate Margin of Error","±3,084","±2,019","±3,734","±3,032","±2,724","2,010"
"Colorado Springs city, Colorado!!Percent","167,361",7.00%,34.90%,39.90%,18.20%,"2,010"
"Colorado Springs city, Colorado!!Percent Margin of Error",(X),±1.2,±1.9,±1.9,±1.6,"2,010"
"Denver city, Colorado!!Estimate","262,093","32,677","110,779","87,881","30,756","2,010"
"Denver city, Colorado!!Estimate Margin of Error","±3,662","±3,059","±3,990","±3,834","±2,635","2,010"
"Denver city, Colorado!!Percent","262,093",12.50%,42.30%,33.50%,11.70%,"2,010"
"Denver city, Colorado!!Percent Margin of Error",(X),±1.1,±1.5,±1.4,±1.0,"2,010"
"Washington city, District of Columbia!!Estimate","252,388","88,390","114,267","39,683","10,048","2,010"
"Washington city, District of Columbia!!Estimate Margin of Error","±3,730","±4,052","±4,214","±2,815","±1,389","2,010"
"Washington city, District of Columbia!!Percent","252,388",35.00%,45.30%,15.70%,4.00%,"2,010"
"Washington city, District of Columbia!!Percent Margin of Error",(X),±1.5,±1.6,±1.1,±0.6,"2,010"
"Jacksonville city, Florida!!Estimate","308,173","24,142","123,138","118,320","42,573","2,010"
"Jacksonville city, Florida!!Estimate Margin of Error","±6,302","±2,429","±4,799","±5,073","±3,187","2,010"
"Jacksonville city, Florida!!Percent","308,173",7.80%,40.00%,38.40%,13.80%,"2,010"
"Jacksonville city, Florida!!Percent Margin of Error",(X),±0.8,±1.3,±1.4,±1.0,"2,010"
"Miami city, Florida!!Estimate","145,822","30,491","67,370","38,454","9,507","2,010"
"Miami city, Florida!!Estimate Margin of Error","±4,810","±2,644","±4,597","±3,111","±1,426","2,010"
"Miami city, Florida!!Percent","145,822",20.90%,46.20%,26.40%,6.50%,"2,010"
"Miami city, Florida!!Percent Margin of Error",(X),±1.7,±2.2,±2.2,±1.0,"2,010"
"Orlando city, Florida!!Estimate","96,753","8,143","46,145","33,536","8,929","2,010"
"Orlando city, Florida!!Estimate Margin of Error","±3,793","±1,461","±3,897","±2,665","±1,308","2,010"
"Orlando city, Florida!!Percent","96,753",8.40%,47.70%,34.70%,9.20%,"2,010"
"Orlando city, Florida!!Percent Margin of Error",(X),±1.5,±2.8,±2.8,±1.4,"2,010"
"Tampa city, Florida!!Estimate","133,070","13,873","60,873","46,502","11,822","2,010"
"Tampa city, Florida!!Estimate Margin of Error","±3,857","±2,438","±3,717","±2,901","±1,666","2,010"
"Tampa city, Florida!!Percent","133,070",10.40%,45.70%,34.90%,8.90%,"2,010"
"Tampa city, Florida!!Percent Margin of Error",(X),±1.8,±2.4,±2.0,±1.3,"2,010"
"Atlanta city, Georgia!!Estimate","172,159","30,123","77,512","49,326","15,198","2,010"
"Atlanta city, Georgia!!Estimate Margin of Error","±5,268","±2,697","±4,319","±3,240","±1,857","2,010"
"Atlanta city, Georgia!!Percent","172,159",17.50%,45.00%,28.70%,8.80%,"2,010"
"Atlanta city, Georgia!!Percent Margin of Error",(X),±1.5,±2.0,±1.7,±1.1,"2,010"
"Chicago city, Illinois!!Estimate","1,014,576","267,029","454,155","223,331","70,061","2,010"
"Chicago city, Illinois!!Estimate Margin of Error","±8,579","±7,102","±9,843","±6,647","±3,550","2,010"
"Chicago city, Illinois!!Percent","1,014,576",26.30%,44.80%,22.00%,6.90%,"2,010"
"Chicago city, Illinois!!Percent Margin of Error",(X),±0.7,±0.8,±0.6,±0.3,"2,010"
"Indianapolis city (balance), Indiana!!Estimate","322,700","28,420","133,010","117,203","44,067","2,010"
"Indianapolis city (balance), Indiana!!Estimate Margin of Error","±5,582","±2,701","±4,979","±4,731","±2,461","2,010"
"Indianapolis city (balance), Indiana!!Percent","322,700",8.80%,41.20%,36.30%,13.70%,"2,010"
"Indianapolis city (balance), Indiana!!Percent Margin of Error",(X),±0.8,±1.5,±1.3,±0.8,"2,010"
"Wichita city, Kansas!!Estimate","149,648","11,722","52,946","56,803","28,177","2,010"
"Wichita city, Kansas!!Estimate Margin of Error","±2,521","±1,409","±3,142","±2,886","±2,294","2,010"
"Wichita city, Kansas!!Percent","149,648",7.80%,35.40%,38.00%,18.80%,"2,010"
"Wichita city, Kansas!!Percent Margin of Error",(X),±0.9,±1.9,±1.9,±1.5,"2,010"
"New Orleans city, Louisiana!!Estimate","142,093","26,768","62,071","39,526","13,728","2,010"
"New Orleans city, Louisiana!!Estimate Margin of Error","±3,457","±2,519","±3,067","±2,715","±1,601","2,010"
"New Orleans city, Louisiana!!Percent","142,093",18.80%,43.70%,27.80%,9.70%,"2,010"
"New Orleans city, Louisiana!!Percent Margin of Error",(X),±1.7,±2.0,±1.8,±1.1,"2,010"
"Baltimore city, Maryland!!Estimate","237,945","72,715","97,996","50,976","16,258","2,010"
"Baltimore city, Maryland!!Estimate Margin of Error","±4,515","±3,524","±4,022","±3,441","±1,957","2,010"
"Baltimore city, Maryland!!Percent","237,945",30.60%,41.20%,21.40%,6.80%,"2,010"
"Baltimore city, Maryland!!Percent Margin of Error",(X),±1.4,±1.5,±1.3,±0.8,"2,010"
"Boston city, Massachusetts!!Estimate","251,721","91,963","107,928","41,024","10,806","2,010"
"Boston city, Massachusetts!!Estimate Margin of Error","±4,587","±4,192","±4,827","±2,983","±1,861","2,010"
"Boston city, Massachusetts!!Percent","251,721",36.50%,42.90%,16.30%,4.30%,"2,010"
"Boston city, Massachusetts!!Percent Margin of Error",(X),±1.5,±1.8,±1.1,±0.7,"2,010"
"Detroit city, Michigan!!Estimate","255,201","60,054","122,568","53,496","19,083","2,010"
"Detroit city, Michigan!!Estimate Margin of Error","±5,059","±3,407","±5,291","±3,178","±2,031","2,010"
"Detroit city, Michigan!!Percent","255,201",23.50%,48.00%,21.00%,7.50%,"2,010"
"Detroit city, Michigan!!Percent Margin of Error",(X),±1.3,±1.7,±1.3,±0.8,"2,010"
"Minneapolis city, Minnesota!!Estimate","165,798","31,717","69,541","49,446","15,094","2,010"
"Minneapolis city, Minnesota!!Estimate Margin of Error","±3,861","±2,918","±3,732","±2,763","±1,976","2,010"
"Minneapolis city, Minnesota!!Percent","165,798",19.10%,41.90%,29.80%,9.10%,"2,010"
"Minneapolis city, Minnesota!!Percent Margin of Error",(X),±1.6,±1.8,±1.7,±1.2,"2,010"
"St. Paul city, Minnesota!!Estimate","110,088","18,307","42,912","35,255","13,614","2,010"
"St. Paul city, Minnesota!!Estimate Margin of Error","±2,941","±2,135","±2,828","±2,221","±1,607","2,010"
"St. Paul city, Minnesota!!Percent","110,088",16.60%,39.00%,32.00%,12.40%,"2,010"
"St. Paul city, Minnesota!!Percent Margin of Error",(X),±1.9,±2.2,±1.9,±1.5,"2,010"
"Lincoln city, Nebraska!!Estimate","104,286","7,049","34,135","42,814","20,288","2,010"
"Lincoln city, Nebraska!!Estimate Margin of Error","±1,919","±1,503","±2,811","±2,705","±2,402","2,010"
"Lincoln city, Nebraska!!Percent","104,286",6.80%,32.70%,41.10%,19.50%,"2,010"
"Lincoln city, Nebraska!!Percent Margin of Error",(X),±1.4,±2.6,±2.4,±2.3,"2,010"
"Omaha city, Nebraska!!Estimate","163,411","14,188","62,417","59,417","27,389","2,010"
"Omaha city, Nebraska!!Estimate Margin of Error","±2,894","±1,626","±3,120","±2,653","±2,351","2,010"
"Omaha city, Nebraska!!Percent","163,411",8.70%,38.20%,36.40%,16.80%,"2,010"
"Omaha city, Nebraska!!Percent Margin of Error",(X),±1.0,±1.9,±1.6,±1.3,"2,010"
"Henderson city, Nevada!!Estimate","99,095","3,114","37,596","41,781","16,604","2,010"
"Henderson city, Nevada!!Estimate Margin of Error","±3,059",±939,"±3,327","±2,701","±1,856","2,010"
"Henderson city, Nevada!!Percent","99,095",3.10%,37.90%,42.20%,16.80%,"2,010"
"Henderson city, Nevada!!Percent Margin of Error",(X),±0.9,±2.8,±2.7,±1.9,"2,010"
"Las Vegas city, Nevada!!Estimate","210,950","20,758","81,183","78,994","30,015","2,010"
"Las Vegas city, Nevada!!Estimate Margin of Error","±4,737","±2,768","±4,964","±4,147","±2,757","2,010"
"Las Vegas city, Nevada!!Percent","210,950",9.80%,38.50%,37.40%,14.20%,"2,010"
"Las Vegas city, Nevada!!Percent Margin of Error",(X),±1.3,±2.0,±2.0,±1.3,"2,010"
"Jersey City city, New Jersey!!Estimate","92,649","34,514","39,983","15,147","3,005","2,010"
"Jersey City city, New Jersey!!Estimate Margin of Error","±2,709","±2,475","±3,046","±1,543",±724,"2,010"
"Jersey City city, New Jersey!!Percent","92,649",37.30%,43.20%,16.30%,3.20%,"2,010"
"Jersey City city, New Jersey!!Percent Margin of Error",(X),±2.5,±2.8,±1.7,±0.8,"2,010"
"Newark city, New Jersey!!Estimate","91,414","35,641","37,193","14,918","3,662","2,010"
"Newark city, New Jersey!!Estimate Margin of Error","±3,236","±2,441","±2,698","±1,811","±1,025","2,010"
"Newark city, New Jersey!!Percent","91,414",39.00%,40.70%,16.30%,4.00%,"2,010"
"Newark city, New Jersey!!Percent Margin of Error",(X),±2.2,±2.4,±2.0,±1.1,"2,010"
"Albuquerque city, New Mexico!!Estimate","223,505","12,160","88,900","86,861","35,584","2,010"
"Albuquerque city, New Mexico!!Estimate Margin of Error","±2,539","±1,624","±4,111","±4,427","±3,163","2,010"
"Albuquerque city, New Mexico!!Percent","223,505",5.40%,39.80%,38.90%,15.90%,"2,010"
"Albuquerque city, New Mexico!!Percent Margin of Error",(X),±0.7,±1.7,±1.9,±1.4,"2,010"
"New York city, New York!!Estimate","3,039,467","1,691,386","937,305","324,312","86,464","2,010"
"New York city, New York!!Estimate Margin of Error","±11,288","±14,895","±12,478","±9,736","±4,185","2,010"
"New York city, New York!!Percent","3,039,467",55.60%,30.80%,10.70%,2.80%,"2,010"
"New York city, New York!!Percent Margin of Error",(X),±0.4,±0.4,±0.3,±0.1,"2,010"
"Greensboro city, North Carolina!!Estimate","109,255","9,066","47,508","36,910","15,771","2,010"
"Greensboro city, North Carolina!!Estimate Margin of Error","±3,387","±1,752","±3,296","±2,572","±1,893","2,010"
"Greensboro city, North Carolina!!Percent","109,255",8.30%,43.50%,33.80%,14.40%,"2,010"
"Greensboro city, North Carolina!!Percent Margin of Error",(X),±1.5,±2.5,±2.4,±1.7,"2,010"
"Cincinnati city, Ohio!!Estimate","126,145","24,166","55,963","33,650","12,366","2,010"
"Cincinnati city, Ohio!!Estimate Margin of Error","±4,336","±2,516","±3,318","±2,901","±1,737","2,010"
"Cincinnati city, Ohio!!Percent","126,145",19.20%,44.40%,26.70%,9.80%,"2,010"
"Cincinnati city, Ohio!!Percent Margin of Error",(X),±1.8,±2.3,±2.0,±1.4,"2,010"
"Cleveland city, Ohio!!Estimate","164,990","38,659","73,835","39,595","12,901","2,010"
"Cleveland city, Ohio!!Estimate Margin of Error","±4,095","±2,631","±3,554","±2,877","±1,458","2,010"
"Cleveland city, Ohio!!Percent","164,990",23.40%,44.80%,24.00%,7.80%,"2,010"
"Cleveland city, Ohio!!Percent Margin of Error",(X),±1.5,±1.8,±1.6,±0.9,"2,010"
"Columbus city, Ohio!!Estimate","319,428","33,118","134,128","117,589","34,593","2,010"
"Columbus city, Ohio!!Estimate Margin of Error","±4,797","±2,548","±4,594","±4,400","±2,535","2,010"
"Columbus city, Ohio!!Percent","319,428",10.40%,42.00%,36.80%,10.80%,"2,010"
"Columbus city, Ohio!!Percent Margin of Error",(X),±0.8,±1.3,±1.2,±0.8,"2,010"
"Tulsa city, Oklahoma!!Estimate","163,173","12,925","67,929","58,661","23,658","2,010"
"Tulsa city, Oklahoma!!Estimate Margin of Error","±2,981","±1,828","±3,311","±3,062","±1,972","2,010"
"Tulsa city, Oklahoma!!Percent","163,173",7.90%,41.60%,36.00%,14.50%,"2,010"
"Tulsa city, Oklahoma!!Percent Margin of Error",(X),±1.1,±1.9,±1.8,±1.2,"2,010"
"Portland city, Oregon!!Estimate","244,192","38,238","94,110","81,271","30,573","2,010"
"Portland city, Oregon!!Estimate Margin of Error","±3,559","±3,021","±4,083","±3,853","±2,552","2,010"
"Portland city, Oregon!!Percent","244,192",15.70%,38.50%,33.30%,12.50%,"2,010"
"Portland city, Oregon!!Percent Margin of Error",(X),±1.2,±1.6,±1.5,±1.0,"2,010"
"Philadelphia city, Pennsylvania!!Estimate","575,413","199,247","245,851","106,164","24,151","2,010"
"Philadelphia city, Pennsylvania!!Estimate Margin of Error","±6,623","±6,180","±6,526","±4,819","±2,434","2,010"
"Philadelphia city, Pennsylvania!!Percent","575,413",34.60%,42.70%,18.50%,4.20%,"2,010"
"Philadelphia city, Pennsylvania!!Percent Margin of Error",(X),±1.0,±1.1,±0.8,±0.4,"2,010"
"Pittsburgh city, Pennsylvania!!Estimate","129,828","31,095","56,846","33,581","8,306","2,010"
"Pittsburgh city, Pennsylvania!!Estimate Margin of Error","±3,843","±2,532","±3,379","±1,822","±1,454","2,010"
"Pittsburgh city, Pennsylvania!!Percent","129,828",24.00%,43.80%,25.90%,6.40%,"2,010"
"Pittsburgh city, Pennsylvania!!Percent Margin of Error",(X),±1.8,±2.1,±1.3,±1.1,"2,010"
"Memphis city, Tennessee!!Estimate","241,400","29,274","104,911","77,438","29,777","2,010"
"Memphis city, Tennessee!!Estimate Margin of Error","±4,203","±2,516","±4,212","±3,703","±2,501","2,010"
"Memphis city, Tennessee!!Percent","241,400",12.10%,43.50%,32.10%,12.30%,"2,010"
"Memphis city, Tennessee!!Percent Margin of Error",(X),±1.0,±1.7,±1.3,±1.0,"2,010"
"Arlington city, Texas!!Estimate","133,491","4,991","49,978","53,234","25,288","2,010"
"Arlington city, Texas!!Estimate Margin of Error","±3,094","±1,227","±3,275","±2,672","±2,241","2,010"
"Arlington city, Texas!!Percent","133,491",3.70%,37.40%,39.90%,18.90%,"2,010"
"Arlington city, Texas!!Percent Margin of Error",(X),±0.9,±2.0,±1.9,±1.8,"2,010"
"Austin city, Texas!!Estimate","323,282","24,279","138,640","122,485","37,878","2,010"
"Austin city, Texas!!Estimate Margin of Error","±4,713","±2,265","±4,607","±5,081","±3,182","2,010"
"Austin city, Texas!!Percent","323,282",7.50%,42.90%,37.90%,11.70%,"2,010"
"Austin city, Texas!!Percent Margin of Error",(X),±0.7,±1.3,±1.4,±1.0,"2,010"
"Corpus Christi city, Texas!!Estimate","110,954","9,622","42,647","41,121","17,564","2,010"
"Corpus Christi city, Texas!!Estimate Margin of Error","±2,722","±1,512","±3,328","±3,004","±2,149","2,010"
"Corpus Christi city, Texas!!Percent","110,954",8.70%,38.40%,37.10%,15.80%,"2,010"
"Corpus Christi city, Texas!!Percent Margin of Error",(X),±1.4,±2.8,±2.6,±1.9,"2,010"
"Dallas city, Texas!!Estimate","447,680","43,000","200,932","151,096","52,652","2,010"
"Dallas city, Texas!!Estimate Margin of Error","±6,310","±3,335","±6,101","±4,966","±3,315","2,010"
"Dallas city, Texas!!Percent","447,680",9.60%,44.90%,33.80%,11.80%,"2,010"
"Dallas city, Texas!!Percent Margin of Error",(X),±0.7,±1.1,±1.0,±0.8,"2,010"
"El Paso city, Texas!!Estimate","210,754","18,777","74,542","75,887","41,548","2,010"
"El Paso city, Texas!!Estimate Margin of Error","±2,612","±2,298","±4,083","±3,624","±2,944","2,010"
"El Paso city, Texas!!Percent","210,754",8.90%,35.40%,36.00%,19.70%,"2,010"
"El Paso city, Texas!!Percent Margin of Error",(X),±1.1,±1.9,±1.6,±1.4,"2,010"
"Houston city, Texas!!Estimate","762,309","76,511","333,052","257,092","95,654","2,010"
"Houston city, Texas!!Estimate Margin of Error","±6,535","±4,554","±7,685","±6,980","±4,064","2,010"
"Houston city, Texas!!Percent","762,309",10.00%,43.70%,33.70%,12.50%,"2,010"
"Houston city, Texas!!Percent Margin of Error",(X),±0.6,±0.9,±0.9,±0.5,"2,010"
"Plano city, Texas!!Estimate","97,524","3,258","32,743","43,972","17,551","2,010"
"Plano city, Texas!!Estimate Margin of Error","±2,960",±801,"±3,035","±2,691","±1,890","2,010"
"Plano city, Texas!!Percent","97,524",3.30%,33.60%,45.10%,18.00%,"2,010"
"Plano city, Texas!!Percent Margin of Error",(X),±0.8,±2.5,±2.6,±2.1,"2,010"
"San Antonio city, Texas!!Estimate","470,223","47,112","181,830","168,041","73,240","2,010"
"San Antonio city, Texas!!Estimate Margin of Error","±4,982","±3,703","±6,626","±5,418","±3,812","2,010"
"San Antonio city, Texas!!Percent","470,223",10.00%,38.70%,35.70%,15.60%,"2,010"
"San Antonio city, Texas!!Percent Margin of Error",(X),±0.8,±1.3,±1.1,±0.8,"2,010"
"Virginia Beach city, Virginia!!Estimate","164,300","6,022","49,706","70,255","38,317","2,010"
"Virginia Beach city, Virginia!!Estimate Margin of Error","±2,574","±1,282","±2,791","±3,310","±2,397","2,010"
"Virginia Beach city, Virginia!!Percent","164,300",3.70%,30.30%,42.80%,23.30%,"2,010"
"Virginia Beach city, Virginia!!Percent Margin of Error",(X),±0.8,±1.6,±1.9,±1.4,"2,010"
"Seattle city, Washington!!Estimate","277,520","43,567","120,841","82,588","30,524","2,010"
"Seattle city, Washington!!Estimate Margin of Error","±5,743","±2,945","±6,031","±4,144","±2,657","2,010"
"Seattle city, Washington!!Percent","277,520",15.70%,43.50%,29.80%,11.00%,"2,010"
"Seattle city, Washington!!Percent Margin of Error",(X),±1.0,±1.8,±1.5,±1.0,"2,010"
"Milwaukee city, Wisconsin!!Estimate","228,945","39,454","106,503","65,395","17,593","2,010"
"Milwaukee city, Wisconsin!!Estimate Margin of Error","±3,762","±3,139","±3,895","±3,184","±1,764","2,010"
"Milwaukee city, Wisconsin!!Percent","228,945",17.20%,46.50%,28.60%,7.70%,"2,010"
"Milwaukee city, Wisconsin!!Percent Margin of Error",(X),±1.3,±1.6,±1.3,±0.7,"2,010"
