"GEO_ID","NAME","B25064_001E","B25064_001M","B25064_001MA","B25064_001EA",
"Geography","Geographic Area Name","Estimate!!Median gross rent","Margin of Error!!Median gross rent","Annotation of Margin of Error!!Median gross rent","Annotation of Estimate!!Median gross rent",
"1600000US0203000","Anchorage municipality, Alaska","1335","72","null","null",
"1600000US0446000","Mesa city, Arizona","1302","42","null","null",
"1600000US0455000","Phoenix city, Arizona","1293","17","null","null",
"1600000US0477000","Tucson city, Arizona","956","27","null","null",
"1600000US0602000","Anaheim city, California","1833","40","null","null",
"1600000US0603526","Bakersfield city, California","1219","57","null","null",
"1600000US0627000","Fresno city, California","1166","27","null","null",
"1600000US0636770","Irvine city, California","2467","70","null","null",
"1600000US0643000","Long Beach city, California","1634","34","null","null",
"1600000US0644000","Los Angeles city, California","1703","14","null","null",
"1600000US0653000","Oakland city, California","1737","57","null","null",
"1600000US0662000","Riverside city, California","1586","67","null","null",
"1600000US0664000","Sacramento city, California","1549","42","null","null",
"1600000US0666000","San Diego city, California","1962","34","null","null",
"1600000US0667000","San Francisco city, California","2167","58","null","null",
"1600000US0668000","San Jose city, California","2328","47","null","null",
"1600000US0669000","Santa Ana city, California","1760","53","null","null",
"1600000US0675000","Stockton city, California","1342","55","null","null",
"1600000US0804000","Aurora city, Colorado","1486","39","null","null",
"1600000US0816000","Colorado Springs city, Colorado","1380","44","null","null",
"1600000US0820000","Denver city, Colorado","1549","34","null","null",
"1600000US1150000","Washington city, District of Columbia","1668","36","null","null",
"1600000US1235000","Jacksonville city, Florida","1194","26","null","null",
"1600000US1245000","Miami city, Florida","1446","40","null","null",
"1600000US1253000","Orlando city, Florida","1415","36","null","null",
"1600000US1271000","Tampa city, Florida","1327","34","null","null",
"1600000US1304000","Atlanta city, Georgia","1446","48","null","null",
"1600000US1714000","Chicago city, Illinois","1240","16","null","null",
"1600000US1836003","Indianapolis city (balance), Indiana","963","17","null","null",
"1600000US2079000","Wichita city, Kansas","844","28","null","null",
"1600000US2146027","Lexington-Fayette urban county, Kentucky","968","30","null","null",
"1600000US2255000","New Orleans city, Louisiana","1082","28","null","null",
"1600000US2404000","Baltimore city, Maryland","1167","23","null","null",
"1600000US2507000","Boston city, Massachusetts","1808","43","null","null",
"1600000US2622000","Detroit city, Michigan","925","21","null","null",
"1600000US2743000","Minneapolis city, Minnesota","1225","37","null","null",
"1600000US2758000","St. Paul city, Minnesota","1115","29","null","null",
"1600000US2938000","Kansas City city, Missouri","1071","28","null","null",
"1600000US2965000","St. Louis city, Missouri","843","20","null","null",
"1600000US3128000","Lincoln city, Nebraska","904","37","null","null",
"1600000US3137000","Omaha city, Nebraska","992","21","null","null",
"1600000US3231900","Henderson city, Nevada","1501","58","null","null",
"1600000US3240000","Las Vegas city, Nevada","1249","26","null","null",
"1600000US3436000","Jersey City city, New Jersey","1739","50","null","null",
"1600000US3451000","Newark city, New Jersey","1215","49","null","null",
"1600000US3502000","Albuquerque city, New Mexico","946","27","null","null",
"1600000US3651000","New York city, New York","1602","12","null","null",
"1600000US3712000","Charlotte city, North Carolina","1301","21","null","null",
"1600000US3719000","Durham city, North Carolina","1182","30","null","null",
"1600000US3728000","Greensboro city, North Carolina","1003","42","null","null",
"1600000US3755000","Raleigh city, North Carolina","1256","36","null","null",
"1600000US3915000","Cincinnati city, Ohio","841","31","null","null",
"1600000US3916000","Cleveland city, Ohio","799","24","null","null",
"1600000US3918000","Columbus city, Ohio","1098","17","null","null",
"1600000US4055000","Oklahoma City city, Oklahoma","936","24","null","null",
"1600000US4075000","Tulsa city, Oklahoma","881","13","null","null",
"1600000US4159000","Portland city, Oregon","1394","27","null","null",
"1600000US4260000","Philadelphia city, Pennsylvania","1181","18","null","null",
"1600000US4261000","Pittsburgh city, Pennsylvania","1074","40","null","null",
"1600000US4748000","Memphis city, Tennessee","989","23","null","null",
"1600000US4752006","Nashville-Davidson metropolitan government (balance), Tennessee","1316","37","null","null",
"1600000US4804000","Arlington city, Texas","1211","30","null","null",
"1600000US4805000","Austin city, Texas","1426","25","null","null",
"1600000US4817000","Corpus Christi city, Texas","1111","27","null","null",
"1600000US4819000","Dallas city, Texas","1213","18","null","null",
"1600000US4824000","El Paso city, Texas","904","29","null","null",
"1600000US4827000","Fort Worth city, Texas","1240","28","null","null",
"1600000US4835000","Houston city, Texas","1120","16","null","null",
"1600000US4858016","Plano city, Texas","1592","65","null","null",
"1600000US4865000","San Antonio city, Texas","1123","17","null","null",
"1600000US5182000","Virginia Beach city, Virginia","1431","33","null","null",
"1600000US5363000","Seattle city, Washington","1787","42","null","null",
"1600000US5553000","Milwaukee city, Wisconsin","935","13","null","null",
