Identifier,Observation_Date,Median_Taxes,Median_Typical_Home_Value,AnnualAverageRate15Year,15yr_Payment_10_Perc_Down,15yr_Payment_20_Perc_Down,AnnualAverageRate30Year,30yr_Payment_10_Perc_Down,30yr_Payment_20_Perc_Down
201101,1/1/2011,3382,460824,3.68,3001.71,2668.19,4.45,2089.13,1857.01
201201,1/1/2012,3519,453166.5,2.93,2802.83,2491.4,3.66,1868.05,1660.49
201301,1/1/2013,3666,467125.5,3.11,2925.59,2600.52,3.98,2002.27,1779.8
201401,1/1/2014,3925,499898,3.29,3170.12,2817.88,4.17,2192.26,1948.67
201501,1/1/2015,4126,526189,3.09,3290.93,2925.27,3.85,2220.14,1973.45
201601,1/1/2016,4395,564503.5,2.93,3491.44,3103.5,3.65,2324.14,2065.9
201701,1/1/2017,4675,609639,3.28,3863.37,3434.11,3.99,2616.3,2325.6
201801,1/1/2018,4935,657625,4,4377.94,3891.5,4.54,3012.96,2678.19
201901,1/1/2019,5495,674181.5,3.39,4304.94,3826.62,3.94,2875.83,2556.3
202001,1/1/2020,58675,674022.5,2.61,4076.37,3623.44,3.11,2593.66,2305.48
202101,1/1/2021,66245,706417,2.27,4170.79,3707.37,2.96,2666.76,2370.45
201102,1/1/2011,3777,435480,3.68,2836.63,2521.45,4.45,1974.24,1754.88
201202,1/1/2012,3822,427431,2.93,2643.65,2349.91,3.66,1761.96,1566.19
201302,1/1/2013,3985,509581.5,3.11,3191.49,2836.88,3.98,2184.25,1941.56
201402,1/1/2014,4045,560058.5,3.29,3551.63,3157,4.17,2456.09,2183.19
201502,1/1/2015,4309,592037,3.09,3702.76,3291.34,3.85,2497.97,2220.41
201602,1/1/2016,4477,639353.5,2.93,3954.39,3515.01,3.65,2632.31,2339.83
201702,1/1/2017,4670,681041.5,3.28,4315.86,3836.32,3.99,2922.72,2597.98
201802,1/1/2018,5069,740088,4,4926.91,4379.47,4.54,3390.77,3014.02
201902,1/1/2019,5398,749090,3.39,4783.27,4251.79,3.94,3195.37,2840.33
202002,1/1/2020,5022,792644,2.61,4793.77,4261.13,3.11,3050.12,2711.22
202102,1/1/2021,6277,937656.5,2.27,5536.06,4920.94,2.96,3539.7,3146.4
201103,1/1/2011,3386,188293.5,3.68,1226.5,1090.23,4.45,853.62,758.78
201203,1/1/2012,3663,172570,2.93,1067.34,948.75,3.66,711.37,632.33
201303,1/1/2013,3645,181089.5,3.11,1134.16,1008.14,3.98,776.22,689.97
201403,1/1/2014,3624,197298,3.29,1251.17,1112.15,4.17,865.23,769.1
201503,1/1/2015,3818,207696.5,3.09,1298.99,1154.66,3.85,876.33,778.96
201603,1/1/2016,3833,219346,2.93,1356.65,1205.91,3.65,903.08,802.74
201703,1/1/2017,4105,234363.5,3.28,1485.2,1320.17,3.99,1005.78,894.03
201803,1/1/2018,4565,244208,4,1625.74,1445.1,4.54,1118.86,994.54
201903,1/1/2019,4635,248326,3.39,1585.67,1409.48,3.94,1059.28,941.58
202003,1/1/2020,4615,252159.5,2.61,1525.01,1355.57,3.11,970.32,862.51
202103,1/1/2021,11032,282580,2.27,1668.39,1483.02,2.96,1066.75,948.23
201104,1/1/2011,2984,124864,3.68,813.34,722.97,4.45,566.07,503.17
201204,1/1/2012,2952,124078,2.93,767.42,682.15,3.66,511.48,454.65
201304,1/1/2013,3144,134300.5,3.11,841.12,747.66,3.98,575.66,511.7
201404,1/1/2014,3158,148960,3.29,944.63,839.67,4.17,653.25,580.67
201504,1/1/2015,3464,164574,3.09,1029.29,914.92,3.85,694.38,617.23
201604,1/1/2016,3567,171800.5,2.93,1062.58,944.52,3.65,707.33,628.73
201704,1/1/2017,3744,179082,3.28,1134.87,1008.77,3.99,768.54,683.15
201804,1/1/2018,3956,186486.5,4,1241.48,1103.53,4.54,854.4,759.47
201904,1/1/2019,4516,195305,3.39,1247.11,1108.54,3.94,833.11,740.54
202004,1/1/2020,7785,202412,2.61,1224.15,1088.13,3.11,778.89,692.35
202104,1/1/2021,9828,229725.5,2.27,1356.33,1205.63,2.96,867.22,770.87
201105,1/1/2011,1387,112204,3.68,730.87,649.67,4.45,508.67,452.15
201205,1/1/2012,1340,126599,2.93,783.01,696.01,3.66,521.87,463.88
201305,1/1/2013,1319,160519,3.11,1005.32,893.62,3.98,688.04,611.59
201405,1/1/2014,1343,178221.5,3.29,1130.2,1004.62,4.17,781.57,694.73
201505,1/1/2015,1376,190565,3.09,1191.84,1059.42,3.85,804.05,714.71
201605,1/1/2016,1447,206447.5,2.93,1276.87,1135,3.65,849.97,755.53
201705,1/1/2017,1414,222031.5,3.28,1407.05,1250.71,3.99,952.86,846.99
201805,1/1/2018,1551,239211,4,1592.47,1415.53,4.54,1095.97,974.19
201905,1/1/2019,1623,251377,3.39,1605.15,1426.8,3.94,1072.29,953.15
202005,1/1/2020,5649,277370.5,2.61,1677.49,1491.1,3.11,1067.33,948.74
202105,1/1/2021,6262,359291.5,2.27,2121.31,1885.61,2.96,1356.34,1205.64
201106,1/1/2011,1377,135741,3.68,884.19,785.95,4.45,615.38,547
201206,1/1/2012,1407,129322.5,2.93,799.86,710.98,3.66,533.09,473.86
201306,1/1/2013,1476,129270,3.11,809.61,719.66,3.98,554.1,492.53
201406,1/1/2014,1606,129916.5,3.29,823.87,732.33,4.17,569.74,506.43
201506,1/1/2015,1591,134176.5,3.09,839.18,745.93,3.85,566.13,503.22
201606,1/1/2016,1694,137178.5,2.93,848.45,754.17,3.65,564.78,502.03
201706,1/1/2017,1745,146778.5,3.28,930.16,826.81,3.99,629.91,559.92
201806,1/1/2018,1763,164287.5,4,1093.69,972.17,4.54,752.7,669.06
201906,1/1/2019,1885,178344.5,3.39,1138.81,1012.27,3.94,760.76,676.23
202006,1/1/2020,4873,189607,2.61,1146.71,1019.3,3.11,729.61,648.55
202106,1/1/2021,8793,218388.5,2.27,1289.4,1146.13,2.96,824.43,732.82
201107,1/1/2011,2852,138430.5,3.68,901.71,801.52,4.45,627.57,557.84
201207,1/1/2012,2908,139092,2.93,860.28,764.69,3.66,573.37,509.66
201307,1/1/2013,2880,143721.5,3.11,900.12,800.11,3.98,616.04,547.59
201407,1/1/2014,3027,153554,3.29,973.77,865.57,4.17,673.4,598.58
201507,1/1/2015,3025,163299,3.09,1021.32,907.84,3.85,689,612.45
201607,1/1/2016,3261,175554.5,2.93,1085.8,965.16,3.65,722.78,642.47
201707,1/1/2017,3432,186086,3.28,1179.25,1048.23,3.99,798.6,709.86
201807,1/1/2018,3731,196600,4,1308.8,1163.38,4.54,900.74,800.66
201907,1/1/2019,3989,207037.5,3.39,1322.02,1175.13,3.94,883.15,785.02
202007,1/1/2020,6240,212575,2.61,1285.61,1142.77,3.11,818,727.11
202107,1/1/2021,8595,246945,2.27,1458,1296,2.96,932.23,828.65
201108,1/1/2011,3205,433018.5,3.68,2820.59,2507.19,4.45,1963.08,1744.96
201208,1/1/2012,3485,428818,2.93,2652.23,2357.54,3.66,1767.68,1571.27
201308,1/1/2013,3474,507243,3.11,3176.84,2823.86,3.98,2174.23,1932.65
201408,1/1/2014,3761,541555.5,3.29,3434.29,3052.7,4.17,2374.94,2111.06
201508,1/1/2015,3975,557815.5,3.09,3488.73,3101.09,3.85,2353.58,2092.07
201608,1/1/2016,4179,590133,2.93,3649.96,3244.41,3.65,2429.66,2159.7
201708,1/1/2017,4544,634886,3.28,4023.37,3576.33,3.99,2724.65,2421.91
201808,1/1/2018,4946,676508,4,4503.64,4003.24,4.54,3099.48,2755.09
201908,1/1/2019,5059,689258,3.39,4401.21,3912.19,3.94,2940.14,2613.46
202008,1/1/2020,2380,726759.5,2.61,4395.31,3906.94,3.11,2796.6,2485.86
202108,1/1/2021,3657,909939.5,2.27,5372.42,4775.48,2.96,3435.07,3053.39
201109,1/1/2011,3141,130076.5,3.68,847.29,753.15,4.45,589.7,524.18
201209,1/1/2012,3137,128011.5,2.93,791.75,703.78,3.66,527.69,469.06
201309,1/1/2013,3245,134944,3.11,845.15,751.24,3.98,578.42,514.15
201409,1/1/2014,3468,145377.5,3.29,921.92,819.48,4.17,637.54,566.7
201509,1/1/2015,3509,159655.5,3.09,998.53,887.58,3.85,673.63,598.78
201609,1/1/2016,3551,176023.5,2.93,1088.7,967.73,3.65,724.71,644.19
201709,1/1/2017,4183,195097.5,3.28,1236.36,1098.99,3.99,837.27,744.24
201809,1/1/2018,4262,218016,4,1451.37,1290.11,4.54,998.86,887.87
201909,1/1/2019,4836,234389.5,3.39,1496.68,1330.38,3.94,999.83,888.74
202009,1/1/2020,6499,240299,2.61,1453.28,1291.81,3.11,924.68,821.94
202109,1/1/2021,7458,277199.5,2.27,1636.63,1454.78,2.96,1046.44,930.17
201110,1/1/2011,5200,527956.5,3.68,3439,3056.89,4.45,2393.47,2127.53
201210,1/1/2012,5435,552563.5,2.93,3417.59,3037.86,3.66,2277.78,2024.7
201310,1/1/2013,5628,677070,3.11,4240.46,3769.3,3.98,2902.17,2579.71
201410,1/1/2014,5834,739466.5,3.29,4689.35,4168.31,4.17,3242.86,2882.55
201510,1/1/2015,6324,822023.5,3.09,5141.15,4569.91,3.85,3468.34,3082.97
201610,1/1/2016,6974,880424,2.93,5445.4,4840.36,3.65,3624.83,3222.07
201710,1/1/2017,7510,937162.5,3.28,5938.94,5279.06,3.99,4021.88,3575
201810,1/1/2018,8046,1157092,4,7702.98,6847.1,4.54,5301.31,4712.28
201910,1/1/2019,8729,1066964,3.39,6813.03,6056.03,3.94,4551.31,4045.61
202010,1/1/2020,1368,1109449.5,2.61,6709.75,5964.22,3.11,4269.2,3794.85
202110,1/1/2021,1871,1311137.5,2.27,7741.15,6881.02,2.96,4949.61,4399.65
201111,1/1/2011,4361,226502,3.68,1475.39,1311.45,4.45,1026.84,912.75
201211,1/1/2012,4563,235254,2.93,1455.04,1293.37,3.66,969.77,862.01
201311,1/1/2013,4707,259171,3.11,1623.18,1442.82,3.98,1110.9,987.47
201411,1/1/2014,5074,289027,3.29,1832.87,1629.22,4.17,1267.5,1126.67
201511,1/1/2015,5196,312608,3.09,1955.13,1737.9,3.85,1318.98,1172.43
201611,1/1/2016,5648,338906,2.93,2096.13,1863.22,3.65,1395.32,1240.29
201711,1/1/2017,5900,354855,3.28,2248.77,1998.91,3.99,1522.88,1353.67
201811,1/1/2018,6554,369228.5,4,2458.02,2184.91,4.54,1691.65,1503.69
201911,1/1/2019,6824,386678.5,3.39,2469.11,2194.77,3.94,1649.44,1466.17
202011,1/1/2020,1496,416094.5,2.61,2516.46,2236.86,3.11,1601.15,1423.24
202111,1/1/2021,2177,590289,2.27,3485.15,3097.91,2.96,2228.37,1980.77
201112,1/1/2011,1704,123201,3.68,802.51,713.34,4.45,558.53,496.47
201212,1/1/2012,1510,115980,2.93,717.33,637.63,3.66,478.09,424.97
201312,1/1/2013,1458,127215.5,3.11,796.75,708.22,3.98,545.29,484.7
201412,1/1/2014,1445,139686,3.29,885.82,787.4,4.17,612.58,544.52
201512,1/1/2015,1525,146252.5,3.09,914.7,813.07,3.85,617.08,548.52
201612,1/1/2016,1590,156798,2.93,969.79,862.04,3.65,645.56,573.83
201712,1/1/2017,1749,169940.5,3.28,1076.94,957.28,3.99,729.31,648.27
201812,1/1/2018,1697,186007.5,4,1238.29,1100.7,4.54,852.21,757.52
201912,1/1/2019,1902,196951,3.39,1257.62,1117.88,3.94,840.13,746.78
202012,1/1/2020,4907,207243,2.61,1253.37,1114.1,3.11,797.48,708.87
202112,1/1/2021,10029,245425,2.27,1449.03,1288.02,2.96,926.49,823.55
201113,1/1/2011,3264,117898,3.68,767.96,682.63,4.45,534.49,475.1
201213,1/1/2012,3157,119160.5,2.93,737.01,655.12,3.66,491.2,436.63
201313,1/1/2013,3378,125279.5,3.11,784.62,697.44,3.98,536.99,477.33
201413,1/1/2014,3434,135146.5,3.29,857.04,761.81,4.17,592.67,526.82
201513,1/1/2015,3552,147109,3.09,920.06,817.83,3.85,620.69,551.73
201613,1/1/2016,3723,162457.5,2.93,1004.8,893.15,3.65,668.86,594.54
201713,1/1/2017,3849,180216,3.28,1142.06,1015.16,3.99,773.41,687.47
201813,1/1/2018,4305,198376,4,1320.63,1173.89,4.54,908.88,807.89
201913,1/1/2019,4953,208476,3.39,1331.21,1183.3,3.94,889.29,790.48
202013,1/1/2020,2458,217147.5,2.61,1313.27,1167.35,3.11,835.59,742.75
202113,1/1/2021,4370,258910,2.27,1528.64,1358.79,2.96,977.4,868.8
201114,1/1/2011,2498,113589.5,3.68,739.9,657.69,4.45,514.95,457.74
201214,1/1/2012,2579,106262.5,2.93,657.23,584.21,3.66,438.04,389.37
201314,1/1/2013,2520,108055,3.11,676.74,601.55,3.98,463.16,411.7
201414,1/1/2014,2639,114738,3.29,727.61,646.77,4.17,503.17,447.27
201514,1/1/2015,2737,122822,3.09,768.16,682.81,3.85,518.22,460.64
201614,1/1/2016,2753,131862,2.93,815.56,724.95,3.65,542.89,482.57
201714,1/1/2017,2879,145376.5,3.28,921.27,818.91,3.99,623.89,554.57
201814,1/1/2018,2880,158895.5,4,1057.8,940.26,4.54,727.99,647.1
201914,1/1/2019,2876,173569,3.39,1108.31,985.17,3.94,740.39,658.12
202014,1/1/2020,2036,187836,2.61,1136,1009.78,3.11,722.8,642.49
202114,1/1/2021,2742,222232.5,2.27,1312.09,1166.31,2.96,838.94,745.72
201115,1/1/2011,1291,98012,3.68,638.43,567.49,4.45,444.33,394.96
201215,1/1/2012,1263,98261.5,2.93,607.75,540.22,3.66,405.05,360.05
201315,1/1/2013,1249,101841.5,3.11,637.83,566.96,3.98,436.53,388.03
201415,1/1/2014,1287,112446.5,3.29,713.08,633.85,4.17,493.12,438.33
201515,1/1/2015,1326,112882,3.09,705.99,627.55,3.85,476.28,423.36
201615,1/1/2016,1397,117379.5,2.93,725.99,645.32,3.65,483.27,429.57
201715,1/1/2017,1437,127929.5,3.28,810.71,720.63,3.99,549.02,488.01
201815,1/1/2018,1455,140086.5,4,932.58,828.96,4.54,641.82,570.5
201915,1/1/2019,1550,150651,3.39,961.97,855.09,3.94,642.63,571.22
202015,1/1/2020,3374,162216,2.61,981.05,872.05,3.11,624.21,554.86
202115,1/1/2021,4830,190764,2.27,1126.3,1001.15,2.96,720.14,640.13
201116,1/1/2011,1950,157550.5,3.68,1026.25,912.22,4.45,714.25,634.89
201216,1/1/2012,2092,153282.5,2.93,948.05,842.71,3.66,631.86,561.66
201316,1/1/2013,2008,163528.5,3.11,1024.17,910.38,3.98,700.94,623.06
201416,1/1/2014,2118,175227.5,3.29,1111.21,987.74,4.17,768.44,683.06
201516,1/1/2015,2131,182745,3.09,1142.94,1015.94,3.85,771.05,685.38
201616,1/1/2016,2221,197891,2.93,1223.95,1087.96,3.65,814.74,724.22
201716,1/1/2017,2300,215533,3.28,1365.86,1214.1,3.99,924.97,822.2
201816,1/1/2018,2166,236953,4,1577.44,1402.17,4.54,1085.62,965
201916,1/1/2019,2413,250490,3.39,1599.49,1421.77,3.94,1068.51,949.78
202016,1/1/2020,1648,267463.5,2.61,1617.57,1437.84,3.11,1029.21,914.85
202116,1/1/2021,2659,319755,2.27,1887.88,1678.12,2.96,1207.09,1072.97
201117,1/1/2011,5893,711068,3.68,4631.75,4117.11,4.45,3223.6,2865.43
201217,1/1/2012,6130,733017.5,2.93,4533.7,4029.95,3.66,3021.65,2685.91
201317,1/1/2013,6430,892435,3.11,5589.28,4968.25,3.98,3825.3,3400.27
201417,1/1/2014,6865,1010879.5,3.29,6410.52,5698.24,4.17,4433.12,3940.55
201517,1/1/2015,7096,1122676.5,3.09,7021.52,6241.35,3.85,4736.88,4210.56
201617,1/1/2016,7615,1230189,2.93,7608.69,6763.28,3.65,5064.86,4502.09
201717,1/1/2017,8188,1282075,3.28,8124.7,7221.96,3.99,5502.09,4890.75
201817,1/1/2018,9443,1461953,4,9732.5,8651.11,4.54,6698.06,5953.83
201917,1/1/2019,9373,1459591,3.39,9320.13,8284.56,3.94,6226.13,5534.33
202017,1/1/2020,1049,1477349.5,2.61,8934.74,7941.99,3.11,5684.9,5053.24
202117,1/1/2021,1803,1561610,2.27,9219.98,8195.53,2.96,5895.15,5240.14
201118,1/1/2011,3659,391745,3.68,2551.75,2268.22,4.45,1775.96,1578.63
201218,1/1/2012,3777,399671,2.93,2471.96,2197.3,3.66,1647.53,1464.47
201318,1/1/2013,3742,458092,3.11,2869.01,2550.23,3.98,1963.55,1745.38
201418,1/1/2014,3897,493790.5,3.29,3131.39,2783.46,4.17,2165.47,1924.87
201518,1/1/2015,4149,542547.5,3.09,3393.24,3016.21,3.85,2289.16,2034.81
201618,1/1/2016,4427,626880.5,2.93,3877.24,3446.44,3.65,2580.95,2294.18
201718,1/1/2017,4904,709651,3.28,4497.16,3997.48,3.99,3045.5,2707.11
201818,1/1/2018,5631,792132,4,5273.37,4687.44,4.54,3629.22,3225.97
201918,1/1/2019,6119,762979,3.39,4871.95,4330.63,3.94,3254.61,2892.99
202018,1/1/2020,1281,797407,2.61,4822.57,4286.73,3.11,3068.45,2727.51
202118,1/1/2021,1149,912606.5,2.27,5388.16,4789.48,2.96,3445.13,3062.34
201119,1/1/2011,1375,250184.5,3.68,1629.65,1448.58,4.45,1134.2,1008.18
201219,1/1/2012,1408,257608.5,2.93,1593.3,1416.27,3.66,1061.92,943.93
201319,1/1/2013,1512,287382.5,3.11,1799.86,1599.88,3.98,1231.83,1094.96
201419,1/1/2014,1622,318815.5,3.29,2021.78,1797.14,4.17,1398.14,1242.79
201519,1/1/2015,1580,355412.5,3.09,2222.84,1975.86,3.85,1499.58,1332.96
201619,1/1/2016,1717,398738,2.93,2466.19,2192.17,3.65,1641.66,1459.25
201719,1/1/2017,1961,436280,3.28,2764.77,2457.57,3.99,1872.32,1664.28
201819,1/1/2018,2122,475024.5,4,3162.33,2810.96,4.54,2176.36,1934.55
201919,1/1/2019,2162,488204,3.39,3117.4,2771.02,3.94,2082.51,1851.12
202019,1/1/2020,1413,501642.5,2.61,3033.84,2696.75,3.11,1930.34,1715.86
202119,1/1/2021,2863,578828,2.27,3417.49,3037.77,2.96,2185.1,1942.31
201120,1/1/2011,1524,112144.5,3.68,730.49,649.32,4.45,508.4,451.91
201220,1/1/2012,1565,112089.5,2.93,693.27,616.24,3.66,462.06,410.72
201320,1/1/2013,1529,113710,3.11,712.16,633.03,3.98,487.4,433.25
201420,1/1/2014,1701,118487.5,3.29,751.39,667.9,4.17,519.62,461.88
201520,1/1/2015,1694,122418,3.09,765.63,680.56,3.85,516.52,459.12
201620,1/1/2016,1821,125649.5,2.93,777.14,690.79,3.65,517.32,459.84
201720,1/1/2017,1903,129587,3.28,821.21,729.97,3.99,556.13,494.34
201820,1/1/2018,1957,133338,4,887.66,789.03,4.54,610.9,543.02
201920,1/1/2019,1890,138410,3.39,883.81,785.61,3.94,590.41,524.81
202020,1/1/2020,3808,148449,2.61,897.79,798.04,3.11,571.24,507.77
202120,1/1/2021,4660,168685,2.27,995.94,885.28,2.96,636.79,566.04
202021,1/1/2020,2556,308220.5,2.61,1864.06,1656.94,3.11,1186.04,1054.26
202121,1/1/2021,4817,356685.5,2.27,2105.92,1871.93,2.96,1346.5,1196.89
201122,1/1/2011,2772,127252.5,3.68,828.9,736.8,4.45,576.9,512.8
201222,1/1/2012,2772,124843,2.93,772.15,686.36,3.66,514.63,457.45
201322,1/1/2013,2844,125589.5,3.11,786.56,699.17,3.98,538.32,478.51
201422,1/1/2014,2984,125633,3.29,796.71,708.18,4.17,550.95,489.74
201522,1/1/2015,3013,125087,3.09,782.33,695.4,3.85,527.78,469.13
201622,1/1/2016,3169,126011.5,2.93,779.38,692.78,3.65,518.81,461.16
201722,1/1/2017,3285,131395,3.28,832.67,740.15,3.99,563.89,501.23
201822,1/1/2018,3371,132041,4,879.02,781.35,4.54,604.96,537.74
201922,1/1/2019,3551,139505.5,3.39,890.8,791.83,3.94,595.08,528.96
202022,1/1/2020,3045,143517.5,2.61,867.97,771.53,3.11,552.26,490.9
202122,1/1/2021,4109,168171,2.27,992.91,882.58,2.96,634.85,564.31
201123,1/1/2011,2600,441241,3.68,2874.15,2554.8,4.45,2000.35,1778.09
201223,1/1/2012,2833,450616,2.93,2787.05,2477.38,3.66,1857.53,1651.14
201323,1/1/2013,2794,512987,3.11,3212.82,2855.84,3.98,2198.85,1954.53
201423,1/1/2014,2649,583238,3.29,3698.62,3287.66,4.17,2557.74,2273.54
201523,1/1/2015,2955,580347.5,3.09,3629.65,3226.35,3.85,2448.65,2176.57
201623,1/1/2016,3492,612070,2.93,3785.64,3365.01,3.65,2519.98,2239.98
201723,1/1/2017,3421,640452,3.28,4058.64,3607.68,3.99,2748.53,2443.14
201823,1/1/2018,3691,670384,4,4462.87,3967,4.54,3071.42,2730.15
201923,1/1/2019,3734,711088.5,3.39,4540.61,4036.1,3.94,3033.26,2696.24
202023,1/1/2020,1658,727580.5,2.61,4400.27,3911.35,3.11,2799.76,2488.67
202123,1/1/2021,2626,785795.5,2.27,4639.45,4123.96,2.96,2966.42,2636.81
201124,1/1/2011,2681,363006.5,3.68,2364.55,2101.82,4.45,1645.68,1462.83
201224,1/1/2012,2878,367203.5,2.93,2271.15,2018.8,3.66,1513.69,1345.5
201324,1/1/2013,3037,402936,3.11,2523.57,2243.17,3.98,1727.13,1535.23
201424,1/1/2014,2886,442052,3.29,2803.29,2491.81,4.17,1938.58,1723.18
201524,1/1/2015,3112,471728,3.09,2950.31,2622.5,3.85,1990.35,1769.2
201624,1/1/2016,3293,521015.5,2.93,3222.47,2864.42,3.65,2145.09,1906.75
201724,1/1/2017,3343,565071.5,3.28,3580.94,3183.06,3.99,2425.03,2155.58
201824,1/1/2018,3417,602747.5,4,4012.61,3566.76,4.54,2761.54,2454.7
201924,1/1/2019,3707,624970.5,3.39,3990.71,3547.3,3.94,2665.91,2369.7
202024,1/1/2020,700,636921.5,2.61,3851.99,3423.99,3.11,2450.9,2178.58
202124,1/1/2021,1594,701742,2.27,4143.19,3682.83,2.96,2649.11,2354.76
201125,1/1/2011,1574,138601,3.68,902.82,802.5,4.45,628.34,558.53
201225,1/1/2012,1588,135262.5,2.93,836.6,743.64,3.66,557.58,495.63
201325,1/1/2013,1541,171396,3.11,1073.45,954.17,3.98,734.67,653.04
201425,1/1/2014,1435,199594.5,3.29,1265.73,1125.1,4.17,875.3,778.05
201525,1/1/2015,1586,212247,3.09,1327.45,1179.95,3.85,895.53,796.03
201625,1/1/2016,1593,226930,2.93,1403.56,1247.61,3.65,934.3,830.49
201725,1/1/2017,1605,242796.5,3.28,1538.64,1367.68,3.99,1041.97,926.2
201825,1/1/2018,1719,282068.5,4,1877.78,1669.14,4.54,1292.32,1148.73
201925,1/1/2019,1721,298345,3.39,1905.06,1693.39,3.94,1272.64,1131.24
202025,1/1/2020,2442,306297,2.61,1852.43,1646.6,3.11,1178.64,1047.68
202125,1/1/2021,3702,363213,2.27,2144.46,1906.19,2.96,1371.15,1218.8
201126,1/1/2011,3055,262861.5,3.68,1712.22,1521.98,4.45,1191.67,1059.27
201226,1/1/2012,3025,269522.5,2.93,1666.99,1481.77,3.66,1111.03,987.58
201326,1/1/2013,3245,302519,3.11,1894.66,1684.15,3.98,1296.71,1152.63
201426,1/1/2014,3543,326179.5,3.29,2068.48,1838.65,4.17,1430.43,1271.49
201526,1/1/2015,3728,363501.5,3.09,2273.43,2020.83,3.85,1533.71,1363.3
201626,1/1/2016,3810,420149,2.93,2598.61,2309.88,3.65,1729.81,1537.61
201726,1/1/2017,3938,450167.5,3.28,2852.78,2535.8,3.99,1931.92,1717.26
201826,1/1/2018,4376,460307.5,4,3064.36,2723.87,4.54,2108.94,1874.61
201926,1/1/2019,4381,462246,3.39,2951.64,2623.68,3.94,1971.79,1752.7
202026,1/1/2020,798,474131,2.61,2867.46,2548.85,3.11,1824.47,1621.75
202126,1/1/2021,1198,552571,2.27,3262.46,2899.97,2.96,2085.98,1854.21
201127,1/1/2011,1518,17125,3.68,111.55,99.15,4.45,77.64,69.01
201227,1/1/2012,1551,16502.5,2.93,102.07,90.73,3.66,68.03,60.47
201327,1/1/2013,1610,17582.5,3.11,110.12,97.88,3.98,75.37,66.99
201427,1/1/2014,1566,20716.5,3.29,131.37,116.78,4.17,90.85,80.76
201527,1/1/2015,1676,23832,3.09,149.05,132.49,3.85,100.55,89.38
201627,1/1/2016,1669,27219.5,2.93,168.35,149.65,3.65,112.07,99.61
201727,1/1/2017,1670,31439,3.28,199.23,177.1,3.99,134.92,119.93
201827,1/1/2018,1609,35258,4,234.72,208.64,4.54,161.54,143.59
201927,1/1/2019,1486,40096,3.39,256.03,227.58,3.94,171.04,152.03
202027,1/1/2020,2139,41632.5,2.61,251.79,223.81,3.11,160.2,142.4
202127,1/1/2021,3373,54653,2.27,322.68,286.83,2.96,206.32,183.39
201129,1/1/2011,1812,69824.5,3.68,454.82,404.29,4.45,316.55,281.38
201229,1/1/2012,1738,67048,2.93,414.69,368.61,3.66,276.39,245.68
201329,1/1/2013,1809,66843,3.11,418.63,372.12,3.98,286.51,254.68
201429,1/1/2014,1754,71353,3.29,452.49,402.21,4.17,312.91,278.14
201529,1/1/2015,1763,72332,3.09,452.38,402.12,3.85,305.19,271.28
201629,1/1/2016,1786,74260.5,2.93,459.3,408.27,3.65,305.74,271.77
201729,1/1/2017,1831,80176,3.28,508.09,451.63,3.99,344.08,305.85
201829,1/1/2018,1836,87922.5,4,585.32,520.28,4.54,402.82,358.07
201929,1/1/2019,1854,96674,3.39,617.31,548.72,3.94,412.38,366.56
202029,1/1/2020,3052,106181,2.61,642.16,570.81,3.11,408.59,363.19
202129,1/1/2021,5255,126594,2.27,747.43,664.38,2.96,477.9,424.8
201130,1/1/2011,2412,129614.5,3.68,844.28,750.47,4.45,587.6,522.31
201230,1/1/2012,2481,121196,2.93,749.59,666.31,3.66,499.6,444.08
201330,1/1/2013,2553,124549,3.11,780.05,693.37,3.98,533.86,474.54
201430,1/1/2014,2734,131986,3.29,836.99,743.99,4.17,578.81,514.5
201530,1/1/2015,2776,133606.5,3.09,835.61,742.76,3.85,563.72,501.09
201630,1/1/2016,2845,137352,2.93,849.52,755.13,3.65,565.5,502.66
201730,1/1/2017,2914,142805,3.28,904.98,804.42,3.99,612.85,544.76
201830,1/1/2018,2983,150225,4,1000.08,888.96,4.54,688.27,611.79
201930,1/1/2019,3035,154566,3.39,986.97,877.31,3.94,659.33,586.07
202030,1/1/2020,1611,157069,2.61,949.92,844.38,3.11,604.41,537.25
202130,1/1/2021,3076,182879.5,2.27,1079.75,959.78,2.96,690.38,613.67
201131,1/1/2011,3330,94258.5,3.68,613.98,545.76,4.45,427.32,379.84
201231,1/1/2012,3298,86602,2.93,535.63,476.12,3.66,356.99,317.33
201331,1/1/2013,3213,86425.5,3.11,541.28,481.14,3.98,370.45,329.29
201431,1/1/2014,3217,91677.5,3.29,581.38,516.78,4.17,402.04,357.37
201531,1/1/2015,3197,94235.5,3.09,589.37,523.89,3.85,397.61,353.43
201631,1/1/2016,3206,99340,2.93,614.42,546.15,3.65,409,363.55
201731,1/1/2017,3290,105203.5,3.28,666.69,592.61,3.99,451.49,401.32
201831,1/1/2018,3134,116683.5,4,776.78,690.48,4.54,534.6,475.2
201931,1/1/2019,3263,125907.5,3.39,803.97,714.64,3.94,537.08,477.4
202031,1/1/2020,408,135165,2.61,817.45,726.63,3.11,520.12,462.33
202131,1/1/2021,560,163062,2.27,962.74,855.77,2.96,615.57,547.17
201132,1/1/2011,1801,177824.5,3.68,1158.31,1029.61,4.45,806.16,716.59
201232,1/1/2012,1879,173554,2.93,1073.43,954.16,3.66,715.43,635.93
201332,1/1/2013,1851,178615,3.11,1118.66,994.36,3.98,765.61,680.54
201432,1/1/2014,1969,182963.5,3.29,1160.27,1031.35,4.17,802.37,713.22
201532,1/1/2015,2107,184081,3.09,1151.29,1023.37,3.85,776.69,690.39
201632,1/1/2016,2047,189185,2.93,1170.11,1040.09,3.65,778.9,692.36
201732,1/1/2017,2133,194309,3.28,1231.37,1094.55,3.99,833.89,741.23
201832,1/1/2018,2189,200410.5,4,1334.17,1185.93,4.54,918.2,816.18
201932,1/1/2019,2366,210580.5,3.39,1344.65,1195.24,3.94,898.27,798.46
202032,1/1/2020,2926,226809.5,2.61,1371.7,1219.29,3.11,872.77,775.8
202132,1/1/2021,3702,267317,2.27,1578.28,1402.91,2.96,1009.13,897.01
201133,1/1/2011,1811,145525.5,3.68,947.92,842.6,4.45,659.74,586.43
201233,1/1/2012,1685,145894.5,2.93,902.35,802.09,3.66,601.41,534.58
201333,1/1/2013,1737,169556,3.11,1061.92,943.93,3.98,726.78,646.03
201433,1/1/2014,1800,191375,3.29,1213.61,1078.76,4.17,839.26,746.01
201533,1/1/2015,1907,197705.5,3.09,1236.5,1099.11,3.85,834.17,741.49
201633,1/1/2016,1943,208811,2.93,1291.49,1147.99,3.65,859.7,764.18
201733,1/1/2017,2133,225663.5,3.28,1430.06,1271.17,3.99,968.45,860.84
201833,1/1/2018,2100,247866.5,4,1650.09,1466.75,4.54,1135.62,1009.44
201933,1/1/2019,2477,257142,3.39,1641.96,1459.52,3.94,1096.88,975.01
202033,1/1/2020,789,269243.5,2.61,1628.34,1447.41,3.11,1036.06,920.94
202133,1/1/2021,1865,325704,2.27,1923,1709.34,2.96,1229.55,1092.93
201134,1/1/2011,1537,140638,3.68,916.09,814.3,4.45,637.58,566.74
201234,1/1/2012,1456,135861.5,2.93,840.3,746.93,3.66,560.05,497.82
201334,1/1/2013,1445,149922,3.11,938.96,834.63,3.98,642.62,571.22
201434,1/1/2014,1366,160605,3.29,1018.48,905.32,4.17,704.32,626.06
201534,1/1/2015,1403,162409.5,3.09,1015.75,902.89,3.85,685.25,609.11
201634,1/1/2016,1457,168199,2.93,1040.31,924.72,3.65,692.5,615.55
201734,1/1/2017,1433,179898,3.28,1140.04,1013.37,3.99,772.04,686.26
201834,1/1/2018,1526,194067,4,1291.94,1148.39,4.54,889.13,790.34
201934,1/1/2019,1621,205109.5,3.39,1309.71,1164.19,3.94,874.93,777.71
202034,1/1/2020,2670,221207.5,2.61,1337.82,1189.18,3.11,851.21,756.64
202134,1/1/2021,2669,277344,2.27,1637.48,1455.54,2.96,1046.99,930.66
201135,1/1/2011,2248,162881,3.68,1060.97,943.09,4.45,738.42,656.37
201235,1/1/2012,2187,158016,2.93,977.33,868.73,3.66,651.38,579
201335,1/1/2013,2149,205847,3.11,1289.21,1145.97,3.98,882.34,784.3
201435,1/1/2014,2344,236712,3.29,1501.12,1334.33,4.17,1038.08,922.74
201535,1/1/2015,2520,249496,3.09,1560.41,1387.03,3.85,1052.69,935.73
201635,1/1/2016,2697,276816.5,2.93,1712.1,1521.87,3.65,1139.69,1013.06
201735,1/1/2017,2840,305537.5,3.28,1936.24,1721.1,3.99,1311.23,1165.54
201835,1/1/2018,3255,331526,4,2207.03,1961.81,4.54,1518.91,1350.15
201935,1/1/2019,3503,341906,3.39,2183.22,1940.64,3.94,1458.46,1296.41
202035,1/1/2020,1303,362549.5,2.61,2192.63,1949.01,3.11,1395.1,1240.09
202135,1/1/2021,2617,443387,2.27,2617.82,2326.95,2.96,1673.81,1487.83
201136,1/1/2011,1126,127528,3.68,830.69,738.39,4.45,578.14,513.91
201236,1/1/2012,1124,142387.5,2.93,880.66,782.81,3.66,586.95,521.73
201336,1/1/2013,1117,174646.5,3.11,1093.8,972.27,3.98,748.6,665.42
201436,1/1/2014,1177,190584,3.29,1208.59,1074.31,4.17,835.79,742.92
201536,1/1/2015,1262,202221,3.09,1264.74,1124.22,3.85,853.23,758.42
201636,1/1/2016,1320,216157.5,2.93,1336.93,1188.38,3.65,889.95,791.07
201736,1/1/2017,1311,229236.5,3.28,1452.71,1291.29,3.99,983.78,874.47
201836,1/1/2018,1342,247740,4,1649.25,1466,4.54,1135.04,1008.93
201936,1/1/2019,1427,262061,3.39,1673.37,1487.44,3.94,1117.86,993.66
202036,1/1/2020,1886,288810.5,2.61,1746.67,1552.6,3.11,1111.35,987.87
202136,1/1/2021,2904,370778,2.27,2189.13,1945.89,2.96,1399.7,1244.18
201137,1/1/2011,1911,104059,3.68,677.82,602.51,4.45,471.75,419.33
201237,1/1/2012,1966,99323,2.93,614.31,546.05,3.66,409.43,363.94
201337,1/1/2013,1897,102867.5,3.11,644.25,572.67,3.98,440.93,391.94
201437,1/1/2014,1941,109449,3.29,694.07,616.95,4.17,479.98,426.65
201537,1/1/2015,2123,114954.5,3.09,718.96,639.07,3.85,485.02,431.13
201637,1/1/2016,2041,122884.5,2.93,760.04,675.59,3.65,505.93,449.72
201737,1/1/2017,2109,135164.5,3.28,856.56,761.38,3.99,580.07,515.61
201837,1/1/2018,2286,148542,4,988.87,879,4.54,680.56,604.94
201937,1/1/2019,2166,157824.5,3.39,1007.78,895.8,3.94,673.23,598.42
202037,1/1/2020,1087,166051.5,2.61,1004.25,892.67,3.11,638.97,567.98
202137,1/1/2021,2276,198352,2.27,1171.1,1040.98,2.96,748.79,665.59
201138,1/1/2011,2728,148844,3.68,969.54,861.81,4.45,674.78,599.8
201238,1/1/2012,2601,145665.5,2.93,900.94,800.83,3.66,600.46,533.75
201338,1/1/2013,2697,162795,3.11,1019.58,906.29,3.98,697.8,620.27
201438,1/1/2014,2603,185707.5,3.29,1177.67,1046.82,4.17,814.4,723.91
201538,1/1/2015,2766,203108,3.09,1270.29,1129.15,3.85,856.97,761.75
201638,1/1/2016,2919,223509.5,2.93,1382.4,1228.8,3.65,920.22,817.97
201738,1/1/2017,3415,245937,3.28,1558.54,1385.37,3.99,1055.45,938.18
201838,1/1/2018,3022,282226.5,4,1878.84,1670.08,4.54,1293.04,1149.37
201938,1/1/2019,3821,307839.5,3.39,1965.69,1747.28,3.94,1313.14,1167.24
202038,1/1/2020,1075,318639,2.61,1927.07,1712.95,3.11,1226.13,1089.9
202138,1/1/2021,1900,368365,2.27,2174.88,1933.23,2.96,1390.6,1236.09
201139,1/1/2011,2651,138968,3.68,905.21,804.63,4.45,630.01,560.01
201239,1/1/2012,2646,139628,2.93,863.6,767.64,3.66,575.58,511.62
201339,1/1/2013,2691,145123,3.11,908.9,807.91,3.98,622.05,552.93
201439,1/1/2014,2781,150384,3.29,953.66,847.7,4.17,659.5,586.22
201539,1/1/2015,2874,155973,3.09,975.5,867.11,3.85,658.09,584.97
201639,1/1/2016,2909,162305.5,2.93,1003.86,892.32,3.65,668.23,593.99
201739,1/1/2017,3002,174765,3.28,1107.51,984.46,3.99,750.01,666.68
201839,1/1/2018,3048,187158.5,4,1245.95,1107.51,4.54,857.48,762.21
201939,1/1/2019,3407,195225.5,3.39,1246.6,1108.09,3.94,832.77,740.24
202039,1/1/2020,1805,206738,2.61,1250.31,1111.39,3.11,795.54,707.14
202139,1/1/2021,2339,240620,2.27,1420.66,1262.81,2.96,908.35,807.42
201140,1/1/2011,1141,201464.5,3.68,1312.3,1166.49,4.45,913.33,811.85
201240,1/1/2012,1093,203713.5,2.93,1259.96,1119.97,3.66,839.75,746.44
201340,1/1/2013,1060,213863,3.11,1339.42,1190.59,3.98,916.7,814.84
201440,1/1/2014,1077,219395.5,3.29,1391.3,1236.71,4.17,962.14,855.23
201540,1/1/2015,1139,229736,3.09,1436.83,1277.18,3.85,969.32,861.62
201640,1/1/2016,1167,245721,2.93,1519.78,1350.92,3.65,1011.67,899.26
201740,1/1/2017,1184,267328,3.28,1694.1,1505.86,3.99,1147.25,1019.78
201840,1/1/2018,1285,291448,4,1940.23,1724.64,4.54,1335.29,1186.93
201940,1/1/2019,1402,307300.5,3.39,1962.25,1744.22,3.94,1310.84,1165.19
202040,1/1/2020,1184,336721.5,2.61,2036.43,1810.16,3.11,1295.72,1151.75
202140,1/1/2021,2157,423478,2.27,2500.28,2222.47,2.96,1598.65,1421.02
201141,1/1/2011,1739,206785.5,3.68,1346.96,1197.3,4.45,937.46,833.29
201241,1/1/2012,1831,203112.5,2.93,1256.25,1116.66,3.66,837.27,744.24
201341,1/1/2013,1821,210965.5,3.11,1321.27,1174.46,3.98,904.28,803.8
201441,1/1/2014,2062,220289,3.29,1396.97,1241.75,4.17,966.06,858.72
201541,1/1/2015,2128,229164,3.09,1433.25,1274,3.85,966.91,859.47
201641,1/1/2016,2301,241298,2.93,1492.42,1326.6,3.65,993.46,883.07
201741,1/1/2017,2138,257406.5,3.28,1631.22,1449.98,3.99,1104.67,981.93
201841,1/1/2018,2222,271961.5,4,1810.5,1609.33,4.54,1246.01,1107.57
201941,1/1/2019,2289,285889,3.39,1825.53,1622.69,3.94,1219.51,1084.01
202041,1/1/2020,579,297628,2.61,1800,1600,3.11,1145.28,1018.03
202141,1/1/2021,1175,352628,2.27,2081.97,1850.64,2.96,1331.19,1183.28
201142,1/1/2011,2331,254406.5,3.68,1657.15,1473.02,4.45,1153.34,1025.19
201242,1/1/2012,2190,251110.5,2.93,1553.11,1380.55,3.66,1035.13,920.12
201342,1/1/2013,2172,256961.5,3.11,1609.34,1430.52,3.98,1101.43,979.05
201442,1/1/2014,2209,262696.5,3.29,1665.9,1480.8,4.17,1152.03,1024.03
201542,1/1/2015,2133,265973.5,3.09,1663.47,1478.64,3.85,1122.22,997.52
201642,1/1/2016,2333,269660.5,2.93,1667.84,1482.53,3.65,1110.23,986.87
201742,1/1/2017,2383,276647.5,3.28,1753.16,1558.36,3.99,1187.25,1055.33
201842,1/1/2018,2463,281045,4,1870.97,1663.08,4.54,1287.63,1144.56
201942,1/1/2019,2613,286459,3.39,1829.17,1625.93,3.94,1221.94,1086.17
202042,1/1/2020,3016,301354.5,2.61,1822.54,1620.03,3.11,1159.62,1030.78
202142,1/1/2021,4291,340504,2.27,2010.39,1787.01,2.96,1285.42,1142.59
201143,1/1/2011,2967,386679.5,3.68,2518.75,2238.89,4.45,1753,1558.22
201243,1/1/2012,2954,378017.5,2.93,2338.03,2078.25,3.66,1558.27,1385.13
201343,1/1/2013,3226,447885.5,3.11,2805.09,2493.41,3.98,1919.8,1706.49
201443,1/1/2014,3256,484056,3.29,3069.66,2728.58,4.17,2122.78,1886.92
201543,1/1/2015,3642,505479,3.09,3161.4,2810.13,3.85,2132.75,1895.78
201643,1/1/2016,3683,541308,2.93,3347.98,2975.98,3.65,2228.64,1981.01
201743,1/1/2017,4119,575548,3.28,3647.33,3242.07,3.99,2469.99,2195.55
201843,1/1/2018,4326,620454.5,4,4130.48,3671.54,4.54,2842.66,2526.81
201943,1/1/2019,4649,624976.5,3.39,3990.75,3547.33,3.94,2665.94,2369.72
202043,1/1/2020,772,657162.5,2.61,3974.4,3532.8,3.11,2528.79,2247.81
202143,1/1/2021,1275,779957.5,2.27,4604.98,4093.32,2.96,2944.38,2617.22
201144,1/1/2011,2768,196413.5,3.68,1279.4,1137.24,4.45,890.43,791.5
201244,1/1/2012,2947,199663.5,2.93,1234.91,1097.7,3.66,823.06,731.6
201344,1/1/2013,2897,230772,3.11,1445.32,1284.72,3.98,989.17,879.27
201444,1/1/2014,3010,268479,3.29,1702.57,1513.39,4.17,1177.39,1046.57
201544,1/1/2015,2841,298539.5,3.09,1867.15,1659.68,3.85,1259.62,1119.66
201644,1/1/2016,2851,329346,2.93,2037,1810.67,3.65,1355.96,1205.3
201744,1/1/2017,3319,358167.5,3.28,2269.76,2017.57,3.99,1537.09,1366.31
201844,1/1/2018,3676,378630.5,4,2520.62,2240.55,4.54,1734.73,1541.98
201944,1/1/2019,3232,396793.5,3.39,2533.7,2252.18,3.94,1692.59,1504.52
202044,1/1/2020,821,412744,2.61,2496.2,2218.84,3.11,1588.25,1411.78
202144,1/1/2021,459,470847,2.27,2779.95,2471.07,2.96,1777.47,1579.97
201145,1/1/2011,4266,355861.5,3.68,2318.01,2060.45,4.45,1613.29,1434.03
201245,1/1/2012,4599,349611,2.93,2162.34,1922.08,3.66,1441.17,1281.04
201345,1/1/2013,4856,452167,3.11,2831.9,2517.25,3.98,1938.15,1722.8
201445,1/1/2014,5141,505486,3.29,3205.55,2849.38,4.17,2216.76,1970.46
201545,1/1/2015,5265,569729.5,3.09,3563.24,3167.32,3.85,2403.84,2136.75
201645,1/1/2016,6025,651996,2.93,4032.58,3584.52,3.65,2684.36,2386.09
201745,1/1/2017,6131,697364.5,3.28,4419.3,3928.27,3.99,2992.78,2660.24
201845,1/1/2018,6612,785944,4,5232.18,4650.83,4.54,3600.87,3200.77
201945,1/1/2019,6968,785879,3.39,5018.18,4460.6,3.94,3352.3,2979.82
202045,1/1/2020,292,819767,2.61,4957.8,4406.93,3.11,3154.49,2803.99
202145,1/1/2021,794,993567.5,2.27,5866.17,5214.37,2.96,3750.77,3334.01
201146,1/1/2011,2904,178491.5,3.68,1162.66,1033.47,4.45,809.19,719.28
201246,1/1/2012,2962,169493,2.93,1048.31,931.83,3.66,698.69,621.05
201346,1/1/2013,2968,194106.5,3.11,1215.68,1080.61,3.98,832.01,739.57
201446,1/1/2014,2858,210952,3.29,1337.76,1189.12,4.17,925.11,822.32
201546,1/1/2015,2987,222421,3.09,1391.08,1236.52,3.85,938.46,834.18
201646,1/1/2016,3030,237824,2.93,1470.94,1307.5,3.65,979.15,870.36
201746,1/1/2017,3180,256038.5,3.28,1622.55,1442.27,3.99,1098.8,976.71
201846,1/1/2018,3298,277691,4,1848.64,1643.24,4.54,1272.26,1130.9
201946,1/1/2019,3659,287626,3.39,1836.62,1632.55,3.94,1226.92,1090.59
202046,1/1/2020,724,301249.5,2.61,1821.9,1619.47,3.11,1159.22,1030.42
202146,1/1/2021,1511,331018.5,2.27,1954.38,1737.23,2.96,1249.61,1110.77
201147,1/1/2011,1364,112290.5,3.68,731.44,650.17,4.45,509.07,452.5
201247,1/1/2012,1448,111063,2.93,686.92,610.6,3.66,457.83,406.96
201347,1/1/2013,1488,112983.5,3.11,707.61,628.99,3.98,484.29,430.48
201447,1/1/2014,1473,115052,3.29,729.61,648.54,4.17,504.55,448.49
201547,1/1/2015,1668,116698,3.09,729.86,648.76,3.85,492.38,437.67
201647,1/1/2016,1616,120742.5,2.93,746.79,663.81,3.65,497.11,441.88
201747,1/1/2017,1708,126488.5,3.28,801.58,712.51,3.99,542.83,482.52
201847,1/1/2018,1842,130491,4,868.7,772.18,4.54,597.86,531.43
201947,1/1/2019,1846,133608.5,3.39,853.15,758.35,3.94,569.93,506.6
202047,1/1/2020,1039,141104.5,2.61,853.37,758.55,3.11,542.98,482.64
202147,1/1/2021,1242,160370,2.27,946.85,841.64,2.96,605.4,538.14
201148,1/1/2011,2254,149850,3.68,976.09,867.64,4.45,679.34,603.86
201248,1/1/2012,2367,156543,2.93,968.22,860.64,3.66,645.3,573.6
201348,1/1/2013,2500,190768.5,3.11,1194.78,1062.02,3.98,817.7,726.85
201448,1/1/2014,2541,220257,3.29,1396.77,1241.57,4.17,965.92,858.59
201548,1/1/2015,2632,225902,3.09,1412.85,1255.87,3.85,953.14,847.24
201648,1/1/2016,2759,228398.5,2.93,1412.64,1255.68,3.65,940.35,835.86
201748,1/1/2017,2736,232868.5,3.28,1475.72,1311.75,3.99,999.37,888.33
201848,1/1/2018,3223,245757,4,1636.05,1454.27,4.54,1125.96,1000.85
201948,1/1/2019,3016,255974.5,3.39,1634.51,1452.9,3.94,1091.9,970.58
202048,1/1/2020,880,268935,2.61,1626.47,1445.75,3.11,1034.87,919.89
202148,1/1/2021,396,319239,2.27,1884.83,1675.41,2.96,1205.14,1071.24
201149,1/1/2011,1548,112918.5,3.68,735.53,653.8,4.45,511.91,455.03
201249,1/1/2012,1603,109817,2.93,679.22,603.75,3.66,452.69,402.39
201349,1/1/2013,1593,109374,3.11,685,608.89,3.98,468.82,416.73
201449,1/1/2014,1647,109945,3.29,697.22,619.75,4.17,482.15,428.58
201549,1/1/2015,1603,114116.5,3.09,713.71,634.41,3.85,481.49,427.99
201649,1/1/2016,1585,116398,2.93,719.92,639.93,3.65,479.23,425.98
201749,1/1/2017,1768,121318.5,3.28,768.81,683.39,3.99,520.64,462.8
201849,1/1/2018,1863,125991.5,4,838.75,745.56,4.54,577.24,513.1
201949,1/1/2019,1792,133064,3.39,849.67,755.26,3.94,567.61,504.54
202049,1/1/2020,1112,140752,2.61,851.24,756.66,3.11,541.62,481.44
202149,1/1/2021,1511,160727.5,2.27,948.96,843.52,2.96,606.75,539.34
201150,1/1/2011,2880,123974.5,3.68,807.54,717.82,4.45,562.03,499.59
201250,1/1/2012,3174,125185.5,2.93,774.27,688.24,3.66,516.04,458.7
201350,1/1/2013,3073,131544.5,3.11,823.86,732.32,3.98,563.85,501.2
201450,1/1/2014,3151,140957.5,3.29,893.89,794.57,4.17,618.16,549.47
201550,1/1/2015,3397,153004,3.09,956.93,850.6,3.85,645.57,573.84
201650,1/1/2016,3194,168721,2.93,1043.54,927.59,3.65,694.65,617.46
201750,1/1/2017,3521,185705.5,3.28,1176.84,1046.08,3.99,796.96,708.41
201850,1/1/2018,3793,205166.5,4,1365.83,1214.07,4.54,939.99,835.54
201950,1/1/2019,4310,215431.5,3.39,1375.62,1222.78,3.94,918.96,816.85
202050,1/1/2020,1147,225764,2.61,1365.38,1213.67,3.11,868.75,772.22
202150,1/1/2021,3290,268774.5,2.27,1586.88,1410.56,2.96,1014.64,901.9
201151,1/1/2011,1224,184350,3.68,1200.82,1067.39,4.45,835.74,742.88
201251,1/1/2012,1276,190257,2.93,1176.74,1045.99,3.66,784.28,697.14
201351,1/1/2013,1301,215664,3.11,1350.69,1200.62,3.98,924.42,821.7
201451,1/1/2014,1281,233972,3.29,1483.74,1318.88,4.17,1026.06,912.06
201551,1/1/2015,1295,267907.5,3.09,1675.56,1489.39,3.85,1130.38,1004.78
201651,1/1/2016,1358,302918.5,2.93,1873.54,1665.37,3.65,1247.16,1108.58
201751,1/1/2017,1535,330428.5,3.28,2093.97,1861.31,3.99,1418.05,1260.49
201851,1/1/2018,1668,356957.5,4,2376.33,2112.3,4.54,1635.43,1453.72
201951,1/1/2019,1812,370415,3.39,2365.26,2102.45,3.94,1580.07,1404.5
202051,1/1/2020,1592,385148.5,2.61,2329.31,2070.5,3.11,1482.07,1317.39
202151,1/1/2021,2496,454110,2.27,2681.13,2383.23,2.96,1714.29,1523.81
201152,1/1/2011,1624,123153,3.68,802.19,713.06,4.45,558.31,496.28
201252,1/1/2012,1691,123196.5,2.93,761.97,677.3,3.66,507.84,451.42
201352,1/1/2013,1889,142083,3.11,889.86,790.99,3.98,609.02,541.35
201452,1/1/2014,1614,160575.5,3.29,1018.29,905.15,4.17,704.19,625.95
201552,1/1/2015,2079,172335,3.09,1077.83,958.07,3.85,727.13,646.34
201652,1/1/2016,2195,193554,2.93,1197.13,1064.11,3.65,796.89,708.35
201752,1/1/2017,2000,218514,3.28,1384.76,1230.89,3.99,937.76,833.57
201852,1/1/2018,2449,236383,4,1573.65,1398.8,4.54,1083.01,962.67
201952,1/1/2019,2487,250671,3.39,1600.64,1422.79,3.94,1069.28,950.47
202052,1/1/2020,918,268324.5,2.61,1622.78,1442.47,3.11,1032.52,917.8
202152,1/1/2021,1489,326315.5,2.27,1926.61,1712.55,2.96,1231.86,1094.98
201153,1/1/2011,1493,167864.5,3.68,1093.43,971.94,4.45,761.01,676.45
201253,1/1/2012,1740,169251,2.93,1046.81,930.5,3.66,697.69,620.17
201353,1/1/2013,1745,181030,3.11,1133.78,1007.81,3.98,775.96,689.74
201453,1/1/2014,2111,193965.5,3.29,1230.04,1093.37,4.17,850.62,756.11
201553,1/1/2015,1928,208368.5,3.09,1303.19,1158.39,3.85,879.16,781.48
201653,1/1/2016,2108,223887.5,2.93,1384.74,1230.88,3.65,921.78,819.36
201753,1/1/2017,2256,226089.5,3.28,1432.76,1273.57,3.99,970.27,862.47
201853,1/1/2018,2132,229356,4,1526.87,1357.21,4.54,1050.81,934.06
201953,1/1/2019,2345,226012.5,3.39,1443.19,1282.83,3.94,964.09,856.97
202053,1/1/2020,967,229674,2.61,1389.03,1234.69,3.11,883.79,785.59
202153,1/1/2021,1411,251447,2.27,1484.58,1319.63,2.96,949.22,843.76
201154,1/1/2011,1352,52735.5,3.68,343.51,305.34,4.45,239.07,212.51
201254,1/1/2012,1398,43716,2.93,270.38,240.34,3.66,180.21,160.18
201354,1/1/2013,1372,45300,3.11,283.71,252.19,3.98,194.17,172.6
201454,1/1/2014,1403,44728,3.29,283.64,252.13,4.17,196.15,174.36
201554,1/1/2015,1550,45532.5,3.09,284.77,253.13,3.85,192.11,170.77
201654,1/1/2016,1500,47911,2.93,296.33,263.4,3.65,197.26,175.34
201754,1/1/2017,1547,52363.5,3.28,331.84,294.96,3.99,224.72,199.75
201854,1/1/2018,1649,59987,4,399.34,354.97,4.54,274.84,244.3
201954,1/1/2019,1776,65759,3.39,419.9,373.24,3.94,280.51,249.34
202054,1/1/2020,1847,72193.5,2.61,436.61,388.1,3.11,277.8,246.94
202154,1/1/2021,2434,92699.5,2.27,547.31,486.5,2.96,349.95,311.06
201155,1/1/2011,3515,391295.5,3.68,2548.82,2265.62,4.45,1773.93,1576.82
201255,1/1/2012,3331,386126.5,2.93,2388.18,2122.83,3.66,1591.7,1414.84
201355,1/1/2013,3680,464487.5,3.11,2909.07,2585.84,3.98,1990.96,1769.75
201455,1/1/2014,3642,496168,3.29,3146.46,2796.86,4.17,2175.9,1934.13
201555,1/1/2015,3867,514974.5,3.09,3220.79,2862.92,3.85,2172.82,1931.39
201655,1/1/2016,3926,549877.5,2.93,3400.98,3023.09,3.65,2263.92,2012.37
201755,1/1/2017,4142,580539,3.28,3678.96,3270.19,3.99,2491.41,2214.59
201855,1/1/2018,4620,616232,4,4102.37,3646.55,4.54,2823.32,2509.62
201955,1/1/2019,4954,619642.5,3.39,3956.69,3517.06,3.94,2643.19,2349.5
202055,1/1/2020,426,650024,2.61,3931.23,3494.42,3.11,2501.32,2223.39
202155,1/1/2021,536,769946,2.27,4545.87,4040.78,2.96,2906.58,2583.63
201157,1/1/2011,1985,175657,3.68,1144.19,1017.06,4.45,796.34,707.85
201257,1/1/2012,1812,170364,2.93,1053.7,936.62,3.66,702.28,624.25
201357,1/1/2013,1792,210579.5,3.11,1318.85,1172.31,3.98,902.62,802.33
201457,1/1/2014,1848,244122.5,3.29,1548.11,1376.1,4.17,1070.58,951.62
201557,1/1/2015,1906,259386,3.09,1622.27,1442.02,3.85,1094.42,972.82
201657,1/1/2016,1798,274015,2.93,1694.78,1506.47,3.65,1128.16,1002.81
201757,1/1/2017,1869,290866.5,3.28,1843.26,1638.46,3.99,1248.27,1109.57
201857,1/1/2018,1878,329735.5,4,2195.11,1951.21,4.54,1510.71,1342.85
201957,1/1/2019,2128,345381.5,3.39,2205.41,1960.37,3.94,1473.28,1309.58
202057,1/1/2020,1039,355309.5,2.61,2148.85,1910.09,3.11,1367.24,1215.33
202157,1/1/2021,1537,421088,2.27,2486.17,2209.93,2.96,1589.63,1413
201158,1/1/2011,1916,133213,3.68,867.72,771.31,4.45,603.92,536.82
201258,1/1/2012,1840,129688.5,2.93,802.12,713,3.66,534.6,475.2
201358,1/1/2013,1859,155853.5,3.11,976.1,867.65,3.98,668.05,593.82
201458,1/1/2014,1999,197140,3.29,1250.17,1111.26,4.17,864.54,768.48
201558,1/1/2015,2236,208749.5,3.09,1305.57,1160.51,3.85,880.77,782.91
201658,1/1/2016,2314,232154.5,2.93,1435.87,1276.33,3.65,955.81,849.61
201758,1/1/2017,2471,258159,3.28,1635.99,1454.22,3.99,1107.9,984.8
201858,1/1/2018,2597,291519,4,1940.7,1725.06,4.54,1335.62,1187.22
201958,1/1/2019,2748,302872,3.39,1933.97,1719.08,3.94,1291.95,1148.4
202058,1/1/2020,519,316692,2.61,1915.3,1702.48,3.11,1218.64,1083.24
202158,1/1/2021,701,399067.5,2.27,2356.15,2094.36,2.96,1506.5,1339.11
202059,1/1/2020,887,212363,2.61,1284.33,1141.63,3.11,817.18,726.38
202159,1/1/2021,1110,241379.5,2.27,1425.14,1266.79,2.96,911.22,809.97
201160,1/1/2011,2581,125382,3.68,816.71,725.97,4.45,568.42,505.26
201260,1/1/2012,2594,126466,2.93,782.19,695.28,3.66,521.32,463.4
201360,1/1/2013,2672,129422.5,3.11,810.57,720.5,3.98,554.75,493.11
201460,1/1/2014,2845,136010.5,3.29,862.51,766.68,4.17,596.46,530.19
201560,1/1/2015,2662,147219,3.09,920.75,818.44,3.85,621.16,552.14
201660,1/1/2016,3006,152141.5,2.93,940.99,836.44,3.65,626.39,556.79
201760,1/1/2017,3424,157870,3.28,1000.45,889.29,3.99,677.51,602.23
201860,1/1/2018,3475,159217.5,4,1059.94,942.17,4.54,729.47,648.42
201960,1/1/2019,3453,159760,3.39,1020.14,906.79,3.94,681.48,605.76
202060,1/1/2020,2368,171509,2.61,1037.26,922,3.11,659.97,586.64
202160,1/1/2021,3139,190229.5,2.27,1123.14,998.35,2.96,718.13,638.33
201161,1/1/2011,1983,222791,3.68,1451.21,1289.97,4.45,1010.02,897.79
201261,1/1/2012,2119,222096,2.93,1373.66,1221.03,3.66,915.53,813.8
201361,1/1/2013,2259,269656.5,3.11,1688.85,1501.2,3.98,1155.85,1027.42
201461,1/1/2014,2240,319377,3.29,2025.34,1800.3,4.17,1400.6,1244.98
201561,1/1/2015,2616,333516,3.09,2085.9,1854.13,3.85,1407.2,1250.84
201661,1/1/2016,2677,353560,2.93,2186.76,1943.79,3.65,1455.65,1293.92
201761,1/1/2017,2969,375222,3.28,2377.84,2113.63,3.99,1610.28,1431.36
201861,1/1/2018,2938,406721,4,2707.62,2406.77,4.54,1863.43,1656.38
201961,1/1/2019,3162,417773,3.39,2667.66,2371.26,3.94,1782.08,1584.07
202061,1/1/2020,678,434391.5,2.61,2627.12,2335.22,3.11,1671.55,1485.83
202161,1/1/2021,902,533322,2.27,3148.81,2798.94,2.96,2013.32,1789.61
201162,1/1/2011,2828,344390,3.68,2243.28,1994.03,4.45,1561.28,1387.81
201262,1/1/2012,2795,345064,2.93,2134.21,1897.08,3.66,1422.43,1264.38
201362,1/1/2013,2563,417040.5,3.11,2611.91,2321.7,3.98,1787.59,1588.97
201462,1/1/2014,2830,444438,3.29,2818.42,2505.26,4.17,1949.04,1732.48
201562,1/1/2015,3119,466028.5,3.09,2914.67,2590.81,3.85,1966.3,1747.82
201662,1/1/2016,3132,498901,2.93,3085.69,2742.84,3.65,2054.04,1825.82
201762,1/1/2017,3507,532961,3.28,3377.45,3002.18,3.99,2287.23,2033.09
201862,1/1/2018,3554,572469,4,3811.04,3387.59,4.54,2622.81,2331.39
201962,1/1/2019,4007,581344.5,3.39,3712.14,3299.68,3.94,2479.82,2204.28
202062,1/1/2020,423,608552.5,2.61,3680.41,3271.48,3.11,2341.73,2081.54
202162,1/1/2021,422,712877.5,2.27,4208.93,3741.27,2.96,2691.15,2392.13
201163,1/1/2011,1860,131868,3.68,858.96,763.52,4.45,597.82,531.4
201263,1/1/2012,1589,135336.5,2.93,837.05,744.05,3.66,557.89,495.9
201363,1/1/2013,1668,160676.5,3.11,1006.31,894.5,3.98,688.72,612.19
201463,1/1/2014,1888,184736,3.29,1171.51,1041.34,4.17,810.14,720.13
201563,1/1/2015,2342,192253,3.09,1202.4,1068.8,3.85,811.17,721.04
201663,1/1/2016,2113,210762.5,2.93,1303.56,1158.72,3.65,867.74,771.32
201763,1/1/2017,2227,228492.5,3.28,1447.99,1287.1,3.99,980.59,871.63
201863,1/1/2018,2589,248352,4,1653.33,1469.62,4.54,1137.85,1011.42
201963,1/1/2019,2749,260555.5,3.39,1663.76,1478.9,3.94,1111.44,987.95
202063,1/1/2020,516,273860,2.61,1656.26,1472.23,3.11,1053.82,936.73
202163,1/1/2021,1476,309523,2.27,1827.47,1624.42,2.96,1168.46,1038.63
201164,1/1/2011,5301,709454.5,3.68,4621.24,4107.77,4.45,3216.29,2858.92
201264,1/1/2012,5459,705382.5,2.93,4362.78,3878.02,3.66,2907.74,2584.65
201364,1/1/2013,5606,846788,3.11,5303.4,4714.13,3.98,3629.64,3226.35
201464,1/1/2014,5983,887786,3.29,5629.92,5004.37,4.17,3893.31,3460.72
201564,1/1/2015,6956,910962.5,3.09,5697.4,5064.36,3.85,3843.6,3416.53
201664,1/1/2016,7207,947107.5,2.93,5857.84,5206.97,3.65,3899.37,3466.11
201764,1/1/2017,6735,986444.5,3.28,6251.25,5556.66,3.99,4233.38,3763
201864,1/1/2018,7042,1039436,4,6919.72,6150.87,4.54,4762.26,4233.12
201964,1/1/2019,8816,1033155.5,3.39,6597.15,5864.13,3.94,4407.09,3917.42
202064,1/1/2020,84,1042498,2.61,6304.84,5604.3,3.11,4011.57,3565.84
202164,1/1/2021,139,1189227.5,2.27,7021.37,6241.22,2.96,4489.39,3990.57
201165,1/1/2011,2300,122862,3.68,800.3,711.38,4.45,556.99,495.1
201265,1/1/2012,2124,116978,2.93,723.51,643.12,3.66,482.21,428.63
201365,1/1/2013,2245,117550.5,3.11,736.21,654.41,3.98,503.86,447.88
201465,1/1/2014,2410,118274,3.29,750.04,666.7,4.17,518.68,461.05
201565,1/1/2015,2445,124065,3.09,775.94,689.72,3.85,523.46,465.3
201665,1/1/2016,2351,128959.5,2.93,797.61,708.99,3.65,530.94,471.95
201765,1/1/2017,2508,142937,3.28,905.81,805.17,3.99,613.42,545.26
201865,1/1/2018,2746,152737,4,1016.8,903.82,4.54,699.78,622.02
201965,1/1/2019,2844,162385.5,3.39,1036.9,921.69,3.94,692.68,615.72
202065,1/1/2020,810,174786,2.61,1057.07,939.62,3.11,672.58,597.85
202165,1/1/2021,1215,209273.5,2.27,1235.58,1098.29,2.96,790.02,702.24
201166,1/1/2011,4982,222492.5,3.68,1449.27,1288.24,4.45,1008.66,896.59
201266,1/1/2012,5690,203184,2.93,1256.69,1117.06,3.66,837.57,744.5
201366,1/1/2013,5578,192766,3.11,1207.29,1073.14,3.98,826.27,734.46
201466,1/1/2014,5547,188359.5,3.29,1194.49,1061.77,4.17,826.03,734.25
201566,1/1/2015,5650,196290.5,3.09,1227.65,1091.25,3.85,828.2,736.18
201666,1/1/2016,5895,213306.5,2.93,1319.3,1172.71,3.65,878.21,780.63
201766,1/1/2017,5849,235595,3.28,1493,1327.11,3.99,1011.07,898.73
201866,1/1/2018,6420,259271,4,1726.02,1534.24,4.54,1187.87,1055.89
201966,1/1/2019,6309,291674,3.39,1862.47,1655.53,3.94,1244.18,1105.94
202066,1/1/2020,1018,327033.5,2.61,1977.84,1758.08,3.11,1258.44,1118.61
202166,1/1/2021,1657,383058.5,2.27,2261.63,2010.34,2.96,1446.06,1285.39
201167,1/1/2011,2419,150690,3.68,981.56,872.5,4.45,683.15,607.24
201267,1/1/2012,2427,145291.5,2.93,898.63,798.78,3.66,598.92,532.38
201367,1/1/2013,2378,160690.5,3.11,1006.4,894.58,3.98,688.78,612.25
201467,1/1/2014,2507,178532,3.29,1132.17,1006.37,4.17,782.94,695.94
201567,1/1/2015,2566,184113.5,3.09,1151.49,1023.55,3.85,776.83,690.51
201667,1/1/2016,2598,189579,2.93,1172.54,1042.26,3.65,780.52,693.8
201767,1/1/2017,2760,210114.5,3.28,1331.53,1183.58,3.99,901.72,801.53
201867,1/1/2018,2773,226137.5,4,1505.44,1338.17,4.54,1036.07,920.95
201967,1/1/2019,3063,235418.5,3.39,1503.25,1336.22,3.94,1004.22,892.64
202067,1/1/2020,720,245539,2.61,1484.98,1319.98,3.11,944.84,839.86
202167,1/1/2021,1185,273061.5,2.27,1612.2,1433.06,2.96,1030.82,916.28
201168,1/1/2011,1622,110758.5,3.68,721.46,641.3,4.45,502.12,446.33
201268,1/1/2012,1664,113371,2.93,701.2,623.29,3.66,467.34,415.41
201368,1/1/2013,1722,117759,3.11,737.52,655.57,3.98,504.76,448.67
201468,1/1/2014,1783,124734.5,3.29,791.01,703.12,4.17,547.01,486.23
201568,1/1/2015,1800,131826.5,3.09,824.48,732.87,3.85,556.21,494.41
201668,1/1/2016,2035,140905.5,2.93,871.5,774.66,3.65,580.13,515.67
201768,1/1/2017,1817,149571.5,3.28,947.86,842.54,3.99,641.89,570.57
201868,1/1/2018,1832,163589.5,4,1089.05,968.04,4.54,749.5,666.22
201968,1/1/2019,1926,173672.5,3.39,1108.97,985.76,3.94,740.83,658.51
202068,1/1/2020,819,181704.5,2.61,1098.92,976.81,3.11,699.21,621.52
202168,1/1/2021,850,218523,2.27,1290.19,1146.84,2.96,824.93,733.28
201169,1/1/2011,1827,133343,3.68,868.57,772.06,4.45,604.51,537.34
201269,1/1/2012,1674,127841.5,2.93,790.7,702.84,3.66,526.99,468.44
201369,1/1/2013,1963,130235,3.11,815.66,725.03,3.98,558.23,496.21
201469,1/1/2014,1792,132570,3.29,840.7,747.29,4.17,581.37,516.78
201569,1/1/2015,1836,134464.5,3.09,840.98,747.53,3.85,567.34,504.3
201669,1/1/2016,1841,136425,2.93,843.79,750.03,3.65,561.68,499.27
201769,1/1/2017,1904,144680.5,3.28,916.86,814.99,3.99,620.9,551.91
201869,1/1/2018,1866,152530.5,4,1015.42,902.6,4.54,698.83,621.18
201969,1/1/2019,1892,162028.5,3.39,1034.62,919.66,3.94,691.16,614.36
202069,1/1/2020,552,175142.5,2.61,1059.23,941.54,3.11,673.95,599.07
202169,1/1/2021,696,203397,2.27,1200.89,1067.45,2.96,767.83,682.52
201170,1/1/2011,1287,107783,3.68,702.08,624.07,4.45,488.63,434.34
201270,1/1/2012,1334,101257,2.93,626.27,556.69,3.66,417.4,371.02
201370,1/1/2013,1327,98311.5,3.11,615.72,547.31,3.98,421.4,374.58
201470,1/1/2014,1262,93462.5,3.29,592.7,526.84,4.17,409.87,364.33
201570,1/1/2015,1464,99473,3.09,622.13,553,3.85,419.7,373.07
201670,1/1/2016,1462,102480.5,2.93,633.84,563.41,3.65,421.93,375.05
201770,1/1/2017,1651,107003.5,3.28,678.1,602.75,3.99,459.21,408.19
201870,1/1/2018,1970,118023.5,4,785.71,698.4,4.54,540.73,480.65
201970,1/1/2019,1850,121908,3.39,778.44,691.94,3.94,520.02,462.24
202070,1/1/2020,837,131926.5,2.61,797.87,709.22,3.11,507.66,451.25
202170,1/1/2021,535,153783.5,2.27,907.96,807.08,2.96,580.54,516.04
201171,1/1/2011,2766,143373.5,3.68,933.91,830.14,4.45,649.98,577.76
201271,1/1/2012,2764,141606,2.93,875.83,778.52,3.66,583.73,518.87
201371,1/1/2013,2761,153241.5,3.11,959.75,853.11,3.98,656.85,583.87
201471,1/1/2014,2840,152768.5,3.29,968.79,861.14,4.17,669.95,595.51
201571,1/1/2015,2844,161227,3.09,1008.36,896.32,3.85,680.26,604.68
201671,1/1/2016,2939,167435.5,2.93,1035.59,920.52,3.65,689.35,612.76
201771,1/1/2017,3071,179368,3.28,1136.68,1010.38,3.99,769.77,684.24
201871,1/1/2018,3064,190735.5,4,1269.76,1128.68,4.54,873.87,776.77
201971,1/1/2019,3171,199829.5,3.39,1276,1134.22,3.94,852.41,757.69
202071,1/1/2020,850,206405,2.61,1248.3,1109.6,3.11,794.25,706
202171,1/1/2021,910,239984,2.27,1416.9,1259.47,2.96,905.95,805.29
201172,1/1/2011,4461,214394,3.68,1396.52,1241.35,4.45,971.95,863.95
201272,1/1/2012,3939,221487.5,2.93,1369.9,1217.69,3.66,913.02,811.57
201372,1/1/2013,4445,236001.5,3.11,1478.07,1313.84,3.98,1011.59,899.19
201472,1/1/2014,4441,257953.5,3.29,1635.82,1454.06,4.17,1131.23,1005.54
201572,1/1/2015,4985,287377,3.09,1797.33,1597.63,3.85,1212.52,1077.8
201672,1/1/2016,5130,311768,2.93,1928.28,1714.03,3.65,1283.59,1140.97
201772,1/1/2017,5588,336346.5,3.28,2131.48,1894.65,3.99,1443.45,1283.06
201872,1/1/2018,5904,346470.5,4,2306.52,2050.24,4.54,1587.38,1411.01
201972,1/1/2019,6593,345363.5,3.39,2205.3,1960.26,3.94,1473.2,1309.52
202072,1/1/2020,433,346070.5,2.61,2092.97,1860.42,3.11,1331.69,1183.73
202172,1/1/2021,769,418720,2.27,2472.18,2197.5,2.96,1580.69,1405.06
201173,1/1/2011,3857,311298,3.68,2027.73,1802.43,4.45,1411.26,1254.45
201273,1/1/2012,3845,320151,2.93,1980.13,1760.11,3.66,1319.73,1173.09
201373,1/1/2013,3941,329224,3.11,2061.92,1832.81,3.98,1411.17,1254.38
201473,1/1/2014,4003,337848,3.29,2142.47,1904.42,4.17,1481.6,1316.98
201573,1/1/2015,3901,347864.5,3.09,2175.64,1933.9,3.85,1467.74,1304.65
201673,1/1/2016,4361,349531.5,2.93,2161.85,1921.64,3.65,1439.07,1279.17
201773,1/1/2017,4068,345169.5,3.28,2187.39,1944.35,3.99,1481.31,1316.72
201873,1/1/2018,4453,348934,4,2322.92,2064.82,4.54,1598.67,1421.04
201973,1/1/2019,4319,376230.5,3.39,2402.4,2135.46,3.94,1604.87,1426.55
202073,1/1/2020,1533,363828,2.61,2200.37,1955.88,3.11,1400.02,1244.47
202173,1/1/2021,2897,386293.5,2.27,2280.73,2027.32,2.96,1458.28,1296.25
201174,1/1/2011,2308,173763.5,3.68,1131.86,1006.1,4.45,787.75,700.22
201274,1/1/2012,2305,165082.5,2.93,1021.03,907.58,3.66,680.5,604.89
201374,1/1/2013,2350,173155.5,3.11,1084.47,963.97,3.98,742.21,659.74
201474,1/1/2014,2378,181836.5,3.29,1153.12,1025,4.17,797.43,708.82
201574,1/1/2015,2450,187012.5,3.09,1169.63,1039.67,3.85,789.06,701.38
201674,1/1/2016,2528,199077,2.93,1231.29,1094.48,3.65,819.63,728.56
201774,1/1/2017,2744,214394.5,3.28,1358.65,1207.69,3.99,920.08,817.85
201874,1/1/2018,2652,234040,4,1558.05,1384.93,4.54,1072.27,953.13
201974,1/1/2019,2520,252311.5,3.39,1611.12,1432.11,3.94,1076.28,956.69
202074,1/1/2020,356,264304.5,2.61,1598.47,1420.86,3.11,1017.05,904.05
202174,1/1/2021,504,314496.5,2.27,1856.83,1650.52,2.96,1187.24,1055.32
201175,1/1/2011,6530,282310,3.68,1838.91,1634.59,4.45,1279.84,1137.64
201275,1/1/2012,6687,272130,2.93,1683.12,1496.11,3.66,1121.78,997.14
201375,1/1/2013,6773,286890,3.11,1796.78,1597.14,3.98,1229.72,1093.08
201475,1/1/2014,7476,314745,3.29,1995.96,1774.19,4.17,1380.29,1226.92
201575,1/1/2015,7046,330900,3.09,2069.54,1839.59,3.85,1396.16,1241.03
201675,1/1/2016,7199,365580.5,2.93,2261.11,2009.87,3.65,1505.14,1337.91
201775,1/1/2017,7792,408525,3.28,2588.88,2301.23,3.99,1753.21,1558.41
201875,1/1/2018,7416,459463,4,3058.73,2718.87,4.54,2105.07,1871.17
201975,1/1/2019,6686,489001,3.39,3122.48,2775.54,3.94,2085.91,1854.15
202075,1/1/2020,357,514131.5,2.61,3109.37,2763.89,3.11,1978.4,1758.58
202175,1/1/2021,448,569324,2.27,3361.37,2987.89,2.96,2149.23,1910.42
